,COUNTY,AVG_COVID_COUNT,AVG_COVID_PERCENT,COVID_SPREAD_PCT,COVID_AVG_PCT_RANK,COVID_SPREAD_RANK,COVID_LIV_SCORE,2017 % Housing Change,2018 % Housing Change,2019 % Housing Change,2020 % Housing Change,2021 % Housing Change,2022 % Housing Change,HOUSING_PCT_CHNG,Current Housing Value,Housing Score,AVG_OFFENCE_COUNT,Offense Count,OFFENSE_PCT,SAFETY_ISSUE_RANK,SAFETY_LINDEX,LIVABILITY_GRADE
0,Anderson,202.91666666666663,25.72211803128833,-47.62202753441802,0.6968503937007874,0.0275590551181102,3.5,0.0153205153323529,0.0266348169492849,0.072334042548144,0.1011932809649831,0.1758903913379677,0.1126996296244485,0.6218552962768005,175981.44198949204,3.0,43.0,128.0,0.2020776104322566,0.7362204724409449,1,2.5
1,Andrews,74.5,9.44376735933132,93.11475409836063,0.4606299212598425,0.984251968503937,2.0,-0.0018023589136667,0.0536301120000164,0.1232432906277424,0.0617474575125269,0.066291860730861,-0.0244408427629672,0.3210508177476869,198874.46706246943,1.0,16.0,48.0,0.0757791039120962,0.5078740157480315,2,1.67
2,Angelina,267.0,33.84544812001964,-37.85425101214575,0.7440944881889764,0.0944881889763779,3.0,0.0126158585789037,0.0217430315146167,0.1352868176810293,0.085698202483912,0.1582198084652889,0.0006452021311491,0.5050889456469224,161055.55123288717,2.0,114.0,341.0,0.5383473840421837,0.8503937007874016,1,2.0
3,Aransas,147.75,18.729082246190643,21.76360225140712,0.6062992125984252,0.7834645669291339,1.5,0.0324589595889425,0.034494603608704,0.0652378537603658,0.1096717817972702,0.1781237698198053,0.09145385115942,0.6089196099407759,286760.47938561725,3.0,18.0,53.0,0.0836727605696062,0.5275590551181102,2,2.17
4,Archer,70.08333333333333,8.883901956596914,48.4490398818316,0.4448818897637795,0.8976377952755905,2.0,-0.001725740105616,0.0945487521835778,0.0484714822082274,0.1140112128919354,0.1126654737417249,0.0827784498338642,0.5696197883944023,144530.0510529762,3.0,4.0,10.0,0.01578731331502,0.2303149606299212,4,3.0
5,Armstrong,10.875,1.3785365105064178,61.00000000000001,0.1259842519685039,0.9291338582677166,2.5,0.015648919336034,0.0450735127102246,0.0627668383347042,0.0402490531384099,0.2224126563986127,-0.0197673500987184,0.4973151957288699,159438.8270770352,2.0,1.0,1.0,0.001578731331502,0.0413385826771653,5,3.17
6,Atascosa,400.875,50.81570792177106,18.758526603001368,0.8031496062992126,0.7440944881889764,1.0,0.0690573764509491,0.0213051432217351,0.0809081193415909,0.1012042570401765,0.1578119215980838,0.0266610459474542,0.5846673647486071,240943.0092801161,3.0,53.0,158.0,0.2494395503773168,0.7598425196850394,1,1.67
7,Austin,182.95833333333331,23.1921602208187,4.613233923578752,0.6653543307086615,0.6220472440944882,2.0,0.030236609400871,0.0515572191758388,0.0400935022832667,0.0879918630821976,0.2056424095085176,0.056735749488968,0.587917013635793,359672.8935819301,3.0,17.0,50.0,0.0789365665751002,0.5118110236220472,2,2.33
8,Bailey,18.041666666666668,2.2869973526792298,0.4629629629629539,0.1929133858267716,0.5275590551181102,3.0,0.0008150259974407,0.038239581596059,0.0393337954182826,0.1099429649137743,0.1420169084225653,0.0019567702138999,0.4415664393465433,92408.11669229368,2.0,7.0,21.0,0.0331533579615421,0.3169291338582677,3,2.67
9,Bandera,99.54166666666669,12.618098557853765,-12.627450980392153,0.5354330708661418,0.3622047244094488,2.5,0.0229281227873417,0.1557396849123055,0.019730124514718,0.1253978327218393,0.2186587266288711,0.1143957178963713,0.8771632342962791,374074.6235741446,5.0,17.0,51.0,0.0805152979066022,0.5177165354330708,2,3.17
10,Bastrop,611.4583333333334,77.50966778422101,13.42350203606748,0.8582677165354331,0.6968503937007874,1.5,0.044024398812661,0.0752314270198569,0.0414531012457839,0.1359298179282327,0.2880904924367379,0.1404670315390242,0.927808169822214,410011.2340993892,5.0,23.0,69.0,0.1089324618736383,0.5866141732283464,2,2.83
11,Baylor,11.291666666666666,1.4313540013304185,46.36363636363636,0.1338582677165354,0.8858267716535433,2.5,0.0318116480597896,0.0825476364107285,-0.0138127364132356,0.1131737820305877,0.1937602507378691,-0.0592736066640509,0.6976120590433621,65294.49016324143,4.0,3.0,5.0,0.00789365665751,0.1318897637795275,4,3.5
12,Bee,187.16666666666663,23.725616878141103,-25.62111801242236,0.6732283464566929,0.1889763779527559,3.0,0.0524015853727575,0.0451878055508851,0.1038385978565805,0.0306578148837946,0.095843629910364,-0.0218702984928321,0.4101220479004411,132148.99954056766,2.0,20.0,39.0,0.0615705219285782,0.4645669291338583,3,2.67
13,Bell,2220.9166666666665,281.52778959008845,0.6248118036735972,0.9291338582677166,0.5393700787401575,1.5,0.0430566832278758,0.0885963740466071,0.0646958569167859,0.1243352337342324,0.2140866828394965,0.1279012768343134,0.8842368678616164,254551.5074921299,5.0,257.0,771.0,1.2172018565880458,0.9429133858267716,1,2.5
14,Bexar,18860.95833333333,2390.852384886462,47.687080041147766,0.9960629921259844,0.8937007874015748,1.0,0.0457613882024871,0.0700602910305734,0.0449494401172656,0.0973503273217905,0.121467366253675,0.097216594953042,0.6004410092559272,300331.3899586621,3.0,1080.0,4317.0,6.815383158094155,0.9921259842519684,1,1.67
15,Blanco,64.29166666666667,8.149738834143305,20.114122681883018,0.4251968503937008,0.7559055118110236,2.0,0.0612824302782734,0.0754036121154254,0.0719701678921618,0.1508933733183898,0.3389189828413245,0.1286595585132501,1.1771201822525177,611071.863142877,5.0,11.0,32.0,0.0505194026080641,0.4015748031496063,3,3.33
16,Borden,2.4166666666666665,0.3063414467792039,141.17647058823528,0.0255905511811023,0.9881889763779528,3.0,0.0,0.0,0.0,0.0,0.0,0.0,0.0,0.0,0.0,1.0,1.0,0.001578731331502,0.0413385826771653,5,2.67
17,Bosque,87.04166666666667,11.033573833133744,14.036885245901631,0.5039370078740157,0.7047244094488189,1.5,0.0625048677945077,0.0907385479993372,0.0734595803211073,0.1364875670012653,0.2580414412748792,0.1026284208035499,1.1130343390929678,191232.85306860792,5.0,15.0,45.0,0.0710429099175902,0.4901574803149606,3,3.17
18,Bowie,375.0,47.53574174160061,5.011389521640086,0.7952755905511811,0.6338582677165354,1.5,0.0282702200988998,0.0378769870532159,0.0562750164982283,0.0892400768626907,0.1646164515979654,0.0513638826851213,0.5479173950672288,149951.27536524707,3.0,156.0,621.0,0.9803921568627452,0.905511811023622,1,1.83
19,Brazoria,3176.5,402.6594230458516,9.600791817881891,0.9488188976377953,0.6732283464566929,1.5,0.0316712152459887,0.0422852516420979,0.0428031434664303,0.0542027186955507,0.1398594841002569,0.0567103018094523,0.4338440736491207,267369.010785898,2.0,285.0,855.0,1.3498152884342145,0.9488188976377953,1,1.5
20,Brazos,2253.958333333333,285.7162166124317,4.610787502836833,0.9330708661417324,0.6181102362204725,1.5,0.0245440560557674,0.0399690653728685,0.0030094927605087,0.0632358163398915,0.1016365256346782,0.0875739355405722,0.3989898302407444,271750.1973750369,2.0,203.0,609.0,0.961447380884721,0.9015748031496064,1,1.5
21,Brewster,21.416666666666668,2.714819028353635,51.96078431372548,0.2244094488188976,0.905511811023622,2.5,0.0310648630447736,0.0447945763345532,0.0433061470534569,0.0780090458779633,0.1585594298987702,0.0878513182052933,0.5300371218032808,231669.2153465801,3.0,3.0,7.0,0.011051119320514,0.1791338582677165,4,3.17
22,Briscoe,13.958333333333334,1.769385942604023,72.35772357723577,0.1614173228346456,0.9606299212598424,2.5,0.0,0.0,0.0,0.0,0.0,0.0,0.0,0.0,0.0,0.0,0.0,0.0,0.0137795275590551,5,2.5
23,Brooks,33.166666666666664,4.204272269590454,20.49861495844876,0.3070866141732283,0.7677165354330708,2.0,0.0,0.0,0.0,0.0,0.0,0.0,0.0,0.0,0.0,5.0,10.0,0.01578731331502,0.2303149606299212,4,2.0
24,Brown,216.58333333333331,27.45453173031556,9.259259259259256,0.7165354330708661,0.6653543307086615,1.5,0.0445475880130999,0.0763464695441169,0.0552501506076714,0.1128283261108613,0.1917649390082432,0.0172586669573963,0.6180212575315596,194956.46407941,3.0,73.0,219.0,0.3457421615989391,0.7834645669291339,1,1.83
25,Burleson,127.83333333333331,16.204406184803407,4.6697798532354895,0.5748031496062992,0.6259842519685039,2.0,0.0954017182731961,0.0826715830215769,0.0562019583071018,0.0825208773577699,0.2359325901341895,-0.0817505941806349,0.6729859318979303,194048.4904712371,4.0,25.0,73.0,0.1152473871996463,0.610236220472441,2,2.67
26,Burnet,334.9583333333333,42.45998087341415,-9.18585331117968,0.7795275590551181,0.4015748031496063,2.0,0.0416315724369479,0.0654125650664328,0.1264358181960241,0.1463515021835027,0.2951780345024588,0.1166315720161172,1.0793904068251934,422992.7604322484,5.0,40.0,119.0,0.1878690284487386,0.7145669291338582,1,2.67
27,Caldwell,477.0833333333333,60.47602699348078,45.81365392872478,0.8188976377952756,0.8740157480314961,1.0,0.0641436317449659,0.064011652856546,0.0637909743026452,0.1157872014497608,0.2423246802298706,0.1306978724606615,0.881618097280501,307001.9028490612,5.0,25.0,75.0,0.1184048498626503,0.6181102362204725,2,2.67
28,Calhoun,133.70833333333334,16.949132805421822,-1.1771995043370451,0.594488188976378,0.4921259842519685,2.5,0.0107896897381808,0.0630883846399746,0.0683874727006011,0.0700891430956133,0.1353571803158089,0.0793156081829352,0.5190406438053706,224618.57530636695,2.0,18.0,53.0,0.0836727605696062,0.5275590551181102,2,2.17
29,Callahan,51.0,6.464860876857684,15.492957746478876,0.374015748031496,0.7204724409448819,2.0,0.0290585691142788,0.1064699811291334,0.0479652032625079,0.0790036081998191,0.1768219897448575,-0.0603096171819373,0.5976638919290208,120192.18691593112,3.0,8.0,22.0,0.0347320892930441,0.328740157480315,3,2.67
30,Cameron,2512.0416666666665,318.43137042881773,52.39251475698079,0.9409448818897638,0.9094488188976378,1.0,0.0085799966663306,0.005028782729205,0.0068444435823246,0.1292710820444507,0.1821699940759299,0.0896780644953748,0.5747564744935681,152879.46080105155,3.0,200.0,598.0,0.944081336238199,0.8976377952755905,1,1.67
31,Camp,56.75,7.193742250228893,-18.64181091877497,0.4015748031496063,0.2637795275590551,3.5,0.0690404577691883,0.1139059057268917,0.0150697160377051,0.0851694393841209,0.3184619405718448,0.0293532623503071,0.8560570069886873,201528.45264907507,5.0,8.0,23.0,0.0363108206245461,0.3444881889763779,3,3.83
32,Carson,24.25,3.07397796595684,18.796992481203013,0.2519685039370078,0.7480314960629921,2.5,0.0194623033634873,0.0774145024510082,0.0062008770551888,0.0677116242406383,0.1713177127590413,0.0578065144931192,0.4890963213825769,166620.39830202272,2.0,5.0,13.0,0.020523507309526,0.265748031496063,4,2.83
33,Cass,181.41666666666663,22.99673550476989,14.906219151036517,0.6614173228346457,0.7086614173228346,1.5,0.0406247608072235,0.0046592967779622,0.0747306859511928,0.0901333670536241,0.2982842135552062,-0.0311956720334792,0.5964478780309198,130284.78071586484,3.0,27.0,79.0,0.1247197751886584,0.6240157480314961,2,2.17
34,Castro,56.66666666666666,7.183178752064093,75.30364372469636,0.3976377952755905,0.9645669291338582,2.0,0.0289255750028617,0.0291322311355719,0.0292944669574377,-0.0960552326264009,0.1924462458072533,0.004706784503075,0.2088710865624224,126212.947380007,1.0,8.0,24.0,0.0378895519560481,0.3622047244094488,3,2.0
35,Chambers,349.0833333333333,44.25049381234777,-18.027801911381403,0.7874015748031497,0.2795275590551181,2.5,0.0273228238812653,0.0388259133983255,0.0553677075558045,0.0759160459101769,0.1035099792518986,0.0394491281547542,0.4415079634544194,262650.3176487782,2.0,38.0,114.0,0.1799753717912285,0.7007874015748031,1,1.83
36,Cherokee,135.04166666666666,17.11814877605862,0.1852995676343338,0.5984251968503937,0.5196850393700787,2.0,-0.0015877385462877,0.0380077760185994,0.1007666550739363,0.1487550259481815,0.1884903351438552,0.0733937680465682,0.6869046998717466,200092.95903299015,4.0,46.0,138.0,0.2178649237472767,0.75,1,2.33
37,Childress,65.75,8.334600052027309,7.086614173228356,0.4291338582677165,0.6614173228346457,2.5,-0.0379812037964538,0.0895187188412561,0.0874455106656606,0.12226470316428,0.1402100043853865,0.0304208488034529,0.6498604842685779,74800.2522886833,4.0,13.0,26.0,0.0410470146190521,0.3700787401574803,3,3.17
38,Clay,55.54166666666666,7.04057152683929,-17.397260273972602,0.389763779527559,0.3070866141732283,3.0,0.0014829836225095,0.132252584185902,0.0543439539163095,0.07570682758617,0.1804541032213263,0.079452440667381,0.7437778709134549,134665.72197030068,4.0,2.0,6.0,0.009472387989012,0.1535433070866141,4,3.67
39,Cochran,18.666666666666668,2.3662235889152305,10.328638497652577,0.2007874015748031,0.6771653543307087,3.0,0.0,0.0,0.0,0.0,0.0,0.0,0.0,0.0,0.0,2.0,4.0,0.006314925326008,0.108267716535433,4,2.33
40,Coke,11.083333333333334,1.404945255918418,11.111111111111116,0.1299212598425196,0.6850393700787402,3.0,0.0,0.0,0.0,0.0,0.0,0.0,0.0,0.0,0.0,2.0,4.0,0.006314925326008,0.108267716535433,4,2.33
41,Coleman,36.375,4.61096694893526,2.552204176334105,0.3149606299212598,0.5748031496062992,2.5,0.0097579308473608,0.0741529315618418,-0.0085979414177246,0.128799104260041,0.1400287400125029,-0.0347242197403215,0.4553931444861482,62311.15461840528,2.0,18.0,54.0,0.0852514919011082,0.5393700787401575,2,2.17
42,Collin,6391.541666666667,810.2044639929233,22.92835343700044,0.9724409448818898,0.7952755905511811,1.0,0.0285606699047181,0.0198881835705477,0.0042917007375952,0.0685267484345839,0.1843491545598326,0.0931165359877676,0.4474852122804146,515859.2635220999,2.0,357.0,1070.0,1.6892425247071452,0.9645669291338582,1,1.33
43,Collingsworth,14.291666666666666,1.8116399352632235,-7.303370786516849,0.1653543307086614,0.4251968503937008,3.5,0.004372551485812,-0.0131321102464065,-0.027094819052884,0.0631098551416112,0.079948443611117,-0.011213186974229,0.1658281495467843,62036.11240433482,1.0,3.0,6.0,0.009472387989012,0.1535433070866141,4,2.83
44,Colorado,101.58333333333331,12.876904262891363,-7.272727272727275,0.547244094488189,0.4291338582677165,2.5,0.0693712938054305,0.0319344556370749,0.0838577240923453,0.1123356727213766,0.2221033601811207,-0.0376915867896575,0.7336907526222097,190528.65174504067,4.0,31.0,93.0,0.1468220138296865,0.6653543307086615,2,2.83
45,Comal,1005.875,127.50670459822004,-0.0248508946322112,0.8976377952755905,0.5078740157480315,1.5,0.0404109193318291,0.0354166557187186,0.0611401217913335,0.1050886520718893,0.2249767447695057,0.1107918483328891,0.7102151722296511,478869.1032608035,4.0,81.0,241.0,0.3804742508919831,0.8070866141732284,1,2.17
46,Comanche,74.79166666666667,9.480739602908123,-20.858283433133728,0.4645669291338583,0.2401574803149606,3.5,0.0673282586978452,0.0298655486148246,0.0771661780072086,0.1140536658287804,0.2802624735084771,0.0612852076820262,0.8811307077876424,158304.55979942993,5.0,14.0,42.0,0.0663067159230842,0.4763779527559055,3,3.83
47,Concho,17.166666666666668,2.176080621948828,-50.18181818181818,0.1850393700787401,0.0236220472440944,4.5,0.0,0.0,0.0,0.0,0.0,0.0,0.0,0.0,0.0,7.0,13.0,0.020523507309526,0.265748031496063,4,2.83
48,Cooke,180.375,22.864691777709893,-5.087798289058987,0.655511811023622,0.4566929133858268,2.5,0.0866063647348072,0.0679803224340071,0.0819139915877665,0.1038714203412042,0.2032024290381784,0.0823239210606414,0.8462995901273264,289316.9326417648,5.0,58.0,230.0,0.3631082062454611,0.8011811023622047,1,2.83
49,Coryell,493.1666666666667,62.514782139287206,-17.43020206694431,0.8346456692913385,0.3031496062992126,2.0,0.0466285711569195,0.0813936536434685,0.0679408018483711,0.1465900030067344,0.2074403730388569,0.1369841983353568,0.9414860025935438,218263.22318221827,5.0,89.0,265.0,0.4183638028480314,0.8149606299212598,1,2.67
50,Cottle,7.625,0.9665600820792124,3.333333333333344,0.0984251968503937,0.5984251968503937,3.5,0.0,0.0,0.0,0.0,0.0,0.0,0.0,0.0,0.0,2.0,2.0,0.003157462663004,0.0649606299212598,5,2.83
51,Crane,14.833333333333334,1.8803026733344244,-12.631578947368416,0.1692913385826771,0.358267716535433,3.5,0.1075383656592356,0.0999013106249589,0.0809209519706891,0.0720429505279524,0.1729368911535024,-0.0014519497111917,0.6890109953394927,142549.2969277528,4.0,5.0,9.0,0.014208581983518,0.2125984251968504,4,3.83
52,Crockett,4.666666666666667,0.5915558972288076,0.0,0.0570866141732283,0.5118110236220472,3.5,0.0,0.0,0.0,0.0,0.0,0.0,0.0,0.0,0.0,3.0,6.0,0.009472387989012,0.1535433070866141,4,2.5
53,Crosby,27.75,3.5176448888784453,1.818181818181808,0.2755905511811024,0.5590551181102362,3.0,0.0360501005885611,0.1155771775315382,0.0361073676166751,0.0515403150632236,0.0327475940537009,-0.1162639274769327,0.2524030550228818,63657.57807115106,1.0,3.0,9.0,0.014208581983518,0.2125984251968504,4,2.67
54,Culberson,10.75,1.3626912632592176,1.5625,0.1200787401574803,0.5551181102362205,3.0,0.0,0.0,0.0,0.0,0.0,0.0,0.0,0.0,0.0,4.0,4.0,0.006314925326008,0.108267716535433,4,2.33
55,Dallam,32.333333333333336,4.098637287942453,-23.636363636363637,0.2913385826771653,0.2165354330708661,4.0,0.0,0.0,0.0,0.0,0.0,0.0,0.0,0.0,0.0,3.0,6.0,0.009472387989012,0.1535433070866141,4,2.67
56,Dallas,16760.833333333332,2124.6363858862514,3.958910082849121,0.9921259842519684,0.6023622047244095,1.5,0.055855510312355,0.0936087777484388,0.0454702621000491,0.0819003497192523,0.1376697611822597,0.1307722896774381,0.6897057680482247,396624.21920519,4.0,1051.0,4201.0,6.632250323639923,0.9881889763779528,1,2.17
57,Dawson,26.95833333333333,3.417291656312844,-17.231638418079097,0.2716535433070866,0.3110236220472441,3.5,0.0395114873701821,0.0032033082234276,0.102588085058568,0.1706582962194535,0.0193616569545282,-0.0991846534505246,0.3572664022445676,69586.47605543777,1.0,21.0,61.0,0.0963026112216223,0.5728346456692913,2,2.17
58,DeWitt,133.41666666666666,16.912160561845017,21.898821898821907,0.5905511811023622,0.7874015748031497,1.5,0.0049552010296701,0.0880997806676623,0.0986272616353107,0.0513040016204286,0.1766297225012895,-0.0021694072759844,0.5757883346862817,157294.68730117028,3.0,0.0,0.0,0.0,0.0137795275590551,5,3.17
59,Deaf Smith,93.91666666666669,11.905062431729757,58.19014891179839,0.5137795275590551,0.9212598425196852,1.5,0.0189988572787055,0.1339015889481471,0.1268745437370617,0.1375946882278479,0.1724819988587559,0.0095826428352456,0.8064890044745723,133153.57189387342,4.0,36.0,106.0,0.1673455211392125,0.6811023622047244,2,2.5
60,Delta,26.291666666666668,3.3327836709944427,-1.5723270440251569,0.2677165354330709,0.4803149606299212,3.5,0.0698537711717695,-0.00317724139686,0.1033262589626939,0.1161513318851494,0.3180875769188386,0.1356357951834947,1.0319833880452614,148742.29098302056,5.0,3.0,8.0,0.012629850652016,0.1988188976377952,4,4.17
61,Denton,7278.375,922.6212114627264,-38.238862085251,0.9763779527559056,0.0866141732283464,3.0,0.0410371909921931,0.0435067488707627,0.018585720198375,0.0726042805122966,0.1595461027983346,0.1059810547531846,0.5085264539055534,443973.9930465146,2.0,246.0,738.0,1.1651037226484795,0.9330708661417324,1,2.0
62,Dickens,5.541666666666667,0.7024726279592091,-1.49253731343284,0.0708661417322834,0.484251968503937,4.0,0.0,0.0,0.0,0.0,0.0,0.0,0.0,0.0,0.0,4.0,4.0,0.006314925326008,0.108267716535433,4,2.67
63,Dimmit,187.375,23.752025623553106,-32.638630442873094,0.6771653543307087,0.1496062992125984,3.0,-0.0138914545979491,0.029092858485092,0.0585632805541858,0.0543613191929465,0.064960585663193,-0.0413081476392849,0.2702191063328595,97583.15090934411,1.0,7.0,14.0,0.022102238641028,0.2795275590551181,4,2.67
64,Donley,12.833333333333334,1.6267787173792212,-17.751479289940832,0.1456692913385826,0.2913385826771653,4.0,0.0,0.0,0.0,0.0,0.0,0.0,0.0,0.0,0.0,6.0,11.0,0.017366044646522,0.2460629921259842,4,2.67
65,Duval,94.79166666666669,12.015979162460155,63.92111368909512,0.5236220472440944,0.9330708661417324,1.5,0.0,0.0,0.0,0.0,0.0,0.0,0.0,0.0,0.0,3.0,6.0,0.009472387989012,0.1535433070866141,4,1.83
66,Eastland,68.58333333333333,8.693758989630512,-37.51233958538993,0.437007874015748,0.0984251968503937,4.0,0.017360800931824,0.0888843304005467,0.0719926782358142,0.1019421309041937,0.2559568343048517,0.0560420882145807,0.8748233505394538,120350.19601826496,5.0,35.0,138.0,0.2178649237472767,0.75,1,3.33
67,Ector,686.9583333333334,87.08019712152992,-13.64304283938058,0.8700787401574803,0.3385826771653543,2.0,0.0244053342162655,0.1112480938697129,0.1642025762954009,0.0429221790199791,-0.0066340106671957,-0.020649980548013,0.3740734929902686,218684.0950059486,1.0,309.0,926.0,1.4619052129708563,0.952755905511811,1,1.33
68,Edwards,7.5,0.9507148348320122,64.70588235294117,0.0944881889763779,0.937007874015748,3.0,0.0,0.0,0.0,0.0,0.0,0.0,0.0,0.0,0.0,1.0,1.0,0.001578731331502,0.0413385826771653,5,2.67
69,El Paso,5689.916666666667,721.2650911943886,72.08750921516666,0.968503937007874,0.9566929133858268,1.0,0.0087523146257664,0.0324634043328355,0.0507260016549655,0.0918933256548353,0.1328034433706996,0.1147738392617186,0.5607580810344072,194372.38938864463,3.0,343.0,1372.0,2.166019386820751,0.9724409448818898,1,1.67
70,Ellis,1313.0416666666667,166.44375883367334,-10.539289364516325,0.9094488188976378,0.3818897637795275,2.0,0.0641633193385136,0.0843382359052201,0.0631631443785085,0.0979841994938979,0.2047730458186379,0.0686350026521939,0.7760415336426553,311102.60347762104,4.0,187.0,559.0,0.8825108143096209,0.8858267716535433,1,2.33
71,Erath,184.625,23.4034301841147,-12.64270613107823,0.6692913385826772,0.3543307086614173,2.5,0.0342873163472685,0.1300195416398399,0.0710296568485501,0.0927976016457709,0.2416757983903494,0.1169113486693051,0.9412430943140316,294124.63015674765,5.0,31.0,91.0,0.1436645511666824,0.6614173228346457,2,3.17
72,Falls,89.25,11.313506534500943,-0.5586592178770999,0.5078740157480315,0.5,2.0,0.032340521762565,0.1524054125317855,0.056898492912662,0.1895396104492045,0.1663952443003349,-0.0614321282236159,0.9189454931130476,102006.97126146458,5.0,20.0,59.0,0.0931451485586182,0.5590551181102362,2,3.0
73,Fannin,130.79166666666666,16.579410369653814,-35.13655462184874,0.5826771653543307,0.1220472440944882,3.0,0.0710538984691106,0.0967537300356717,0.0945760689791097,0.0977486747268565,0.236921093349061,0.1062960561139101,0.9618644335196832,252807.30322522804,5.0,39.0,115.0,0.1815541031227305,0.7047244094488189,1,3.0
74,Fayette,101.125,12.818805022984966,-18.60986547085201,0.5413385826771654,0.2677165354330709,3.0,0.0477489700820974,0.0711038574586115,0.073178166407969,0.1617136986714035,0.236884412682204,0.0944950135145701,1.014913320575045,496056.1922107698,5.0,18.0,54.0,0.0852514919011082,0.5393700787401575,2,3.33
75,Fisher,12.125,1.5369889829784198,34.677419354838705,0.1377952755905512,0.8385826771653543,2.5,0.0,0.0,0.0,0.0,0.0,0.0,0.0,0.0,0.0,4.0,4.0,0.006314925326008,0.108267716535433,4,2.17
76,Floyd,38.41666666666666,4.869772653972863,27.654320987654323,0.328740157480315,0.8110236220472441,2.0,0.0228740498613865,0.0135477682964375,0.0216807943281592,0.1323514316124502,-0.1264252699009864,-0.0440612835575659,0.1501391815982785,51395.70585338524,1.0,4.0,8.0,0.012629850652016,0.1988188976377952,4,2.33
77,Foard,5.833333333333333,0.7394448715360095,-54.16666666666667,0.0748031496062992,0.0157480314960629,5.0,0.0,0.0,0.0,0.0,0.0,0.0,0.0,0.0,0.0,3.0,3.0,0.004736193994506,0.0826771653543307,5,3.33
78,Fort Bend,7331.625,929.3712867900337,43.86927778470751,0.9803149606299212,0.8700787401574803,1.0,0.0228624645965208,0.0477272410908517,0.0330113443137665,0.0578271901845219,0.156218574719214,0.1064068281084165,0.4957283457624311,350742.56275661447,2.0,134.0,400.0,0.631492532600802,0.8582677165354331,1,1.33
79,Franklin,47.875,6.068729695677678,-11.947626841243864,0.3622047244094488,0.3661417322834646,3.0,0.0791194768144477,0.0489317663121762,0.0705536440170813,0.1279506963712865,0.2754130134470232,0.0738413141481495,0.8593358136553184,372493.53025561984,5.0,12.0,35.0,0.0552555966025701,0.4271653543307087,3,3.67
80,Freestone,63.125,8.001849859836103,-35.32608695652174,0.421259842519685,0.1181102362204724,3.5,0.0275677407780366,0.0388796489173685,0.080515849796567,0.130765395675403,0.2450924039142649,0.0679683738662949,0.7608362345738651,208994.18935198573,4.0,15.0,44.0,0.0694641785860882,0.4803149606299212,3,3.5
81,Frio,205.25,26.017895979902733,-39.22976501305483,0.7007874015748031,0.0826771653543307,3.0,0.0,0.0,0.0,0.0,0.0,0.0,0.0,0.0,0.0,13.0,37.0,0.0584130592655741,0.4448818897637795,3,2.0
82,Gaines,23.166666666666668,2.936652489814438,27.8688524590164,0.2362204724409448,0.8149606299212598,2.5,0.0094957474039002,0.1002091260019,-0.0118931884516252,0.0504320562349636,0.0889494507209976,0.0348757966617091,0.3029004447141857,204940.4115677784,1.0,19.0,56.0,0.0884089545641122,0.547244094488189,2,1.83
83,Galveston,3504.875,444.2848875642465,7.026654524870168,0.952755905511811,0.65748031496063,1.5,0.0579875661814324,0.0501860038842376,0.0433953165702106,0.0980493194283846,0.1866182435764999,0.0988661966206615,0.660564780926269,309871.7077432287,4.0,319.0,956.0,1.5092671529159167,0.9566929133858268,1,2.17
84,Garza,16.083333333333332,2.038755145806426,36.80981595092025,0.1771653543307086,0.8582677165354331,2.5,0.0821926917664115,0.0098276124082856,0.0341772315274558,0.0891782613345888,0.0768903411229335,-0.1327942792651794,0.3110124559543109,61983.643163738736,1.0,12.0,23.0,0.0363108206245461,0.3444881889763779,3,2.17
85,Gillespie,96.70833333333331,12.258939620250557,-4.793944491169045,0.5275590551181102,0.4606299212598425,2.5,0.0830228943895627,0.0648328067773798,0.0076437841194084,0.1190205780115575,0.3048574622081946,0.027636553519028,0.7508299364327271,442702.1647726724,4.0,28.0,83.0,0.1310347005146664,0.639763779527559,2,2.83
86,Glasscock,2.125,0.2693692032024035,83.33333333333333,0.0196850393700787,0.9724409448818898,3.0,0.0,0.0,0.0,0.0,0.0,0.0,0.0,0.0,0.0,1.0,1.0,0.001578731331502,0.0413385826771653,5,2.67
87,Goliad,42.083333333333336,5.334566573224069,17.67241379310345,0.3503937007874015,0.7401574803149606,2.0,-0.0423095899087552,0.149034231174629,0.0680360460904549,0.0416684761202092,0.239485951990239,-0.1562965914836725,0.4605048033924028,188475.2916791757,2.0,5.0,9.0,0.014208581983518,0.2125984251968504,4,2.67
88,Gonzales,84.04166666666667,10.653287899200938,-40.55335968379447,0.4921259842519685,0.0629921259842519,4.0,0.017559162830688,0.0886725284194529,0.092185474525116,0.0881941308165407,0.1834291278614104,0.0184372244773644,0.763495585451956,151171.07857169965,4.0,24.0,71.0,0.1120899245366423,0.594488188976378,2,3.33
89,Gray,81.54166666666667,10.336382954256932,-29.23211169284468,0.4881889763779528,0.1692913385826771,3.5,-0.0170043190242404,0.0027275281285959,0.0836113916718557,0.0236865389249011,0.1100491955282704,-0.005774679185566,0.2546368821708722,68418.60569254741,1.0,38.0,113.0,0.1783966404597265,0.6948818897637795,2,2.17
90,Grayson,728.625,92.36194620393,5.947473795783775,0.8740157480314961,0.6496062992125984,1.5,0.0932325925206443,0.0836850321635291,0.0501874903586324,0.1057413395744232,0.2104370803615594,0.1311128216393712,0.936327365651382,312239.95543962304,5.0,159.0,633.0,0.9993369328407692,0.9173228346456692,1,2.5
91,Gregg,363.7916666666667,46.114951238435,0.8973768982972752,0.7913385826771654,0.5433070866141733,1.5,0.0006264912418514,0.114830141264941,0.078484402133321,0.0100162464443351,0.0938774295058482,0.094713010707442,0.5003445659420691,199981.53190850947,2.0,220.0,659.0,1.040383947459821,0.9212598425196852,1,1.5
92,Grimes,232.875,29.51969562153398,15.625,0.7244094488188977,0.7283464566929134,1.0,0.0224203532490452,0.0584866543768185,0.0719270859971158,0.1141617863860383,0.2122145338634801,0.1023383625110081,0.7232969750093114,338201.9749391788,4.0,18.0,53.0,0.0836727605696062,0.5275590551181102,2,2.33
93,Guadalupe,973.0416666666666,123.3446863212888,-8.58196721311475,0.8858267716535433,0.405511811023622,2.0,0.0288722835819978,0.0357403253834581,0.0327642633983751,0.0535484458247986,0.2441625503820965,0.0608143742024721,0.5336484327730838,351283.2082073613,3.0,75.0,223.0,0.3520570869249471,0.7874015748031497,1,2.0
94,Hale,169.5,21.48615526720348,28.925154755205405,0.6338582677165354,0.8188976377952756,1.5,0.029417806628661,0.0193167542047025,0.0719975293068166,0.0920667360108457,0.0870298381235748,0.0360260394091322,0.3941247482664187,104942.22573015944,2.0,37.0,110.0,0.1736604464652205,0.6850393700787402,2,1.83
95,Hall,25.0,3.169049449440041,26.415094339622637,0.2598425196850393,0.8031496062992126,2.5,0.0184375100069062,0.0581762454548658,-0.0669108448958263,0.0339467016357806,0.0317915958693128,0.0451041791891871,0.2366455094833272,54003.33059764126,1.0,8.0,15.0,0.02368096997253,0.2854330708661417,4,2.5
96,Hamilton,49.79166666666666,6.311690153468081,-40.87882822902797,0.3700787401574803,0.0590551181102362,4.0,0.0389683927458678,0.0352191558327242,0.0692500816113466,0.1016033654546633,0.4033996566103773,0.0022223580594563,0.8980481416634909,192112.66851610428,5.0,10.0,20.0,0.0315746266300401,0.3051181102362205,3,4.0
97,Hansford,15.208333333333334,1.927838415076025,13.450292397660824,0.1732283464566929,0.7007874015748031,2.5,0.0459493878953718,0.0112260656802374,-0.0378199893458434,0.053893347493906,0.1513355747213663,-0.0639429292009511,0.2203446775906254,103453.67243690132,1.0,3.0,7.0,0.011051119320514,0.1791338582677165,4,2.5
98,Hardeman,13.625,1.7271319499448223,-28.79581151832461,0.1574803149606299,0.1771653543307086,4.0,0.0,0.0,0.0,0.0,0.0,0.0,0.0,0.0,0.0,9.0,27.0,0.0426257459505541,0.3759842519685039,3,2.33
99,Hardin,248.45833333333331,31.49506977835161,-25.541252194265653,0.7322834645669292,0.1929133858267716,2.5,0.0323832432658302,0.0271108512053396,0.1322954168956986,0.0295557650670855,0.1077715093627528,0.004833601455067,0.3940115249671886,206479.66710232745,2.0,38.0,112.0,0.1768179091282245,0.6889763779527559,2,2.17
100,Harris,35288.0,4473.176678873607,12.40291024731084,1.0,0.6929133858267716,1.5,0.0312917031412797,0.0643991453156089,0.0535250911830261,0.0706664490195687,0.1103341599370753,0.121614934658888,0.543395279541361,307342.3694948698,3.0,2037.0,8146.0,12.860345426415332,1.0,1,1.83
101,Harrison,209.08333333333331,26.503816895483546,-35.09694380545514,0.7047244094488189,0.1259842519685039,2.5,-0.0077613101164711,0.0536653730601573,0.0370257794087285,0.0031364920384835,0.1213006635838995,0.0447031457302576,0.3389856440814892,213741.7968141382,1.0,58.0,230.0,0.3631082062454611,0.8011811023622047,1,1.5
102,Hartley,19.916666666666668,2.524676061387233,-46.7948717948718,0.2165354330708661,0.0314960629921259,4.5,0.0711402074933333,0.0392198477333465,0.0589614255785132,0.0926961219449398,0.1500213581903772,-0.0031376972583286,0.493913690257283,158545.60353960653,2.0,5.0,10.0,0.01578731331502,0.2303149606299212,4,3.5
103,Haskell,12.583333333333334,1.5950882228848209,6.849315068493156,0.1417322834645669,0.6535433070866141,3.0,-0.0125692990376688,0.0272643163673091,0.0468863599289762,0.010150437783472,0.2151236600796077,0.0134653661174498,0.367709714292788,77840.09885290053,1.0,11.0,31.0,0.0489406712765621,0.3877952755905511,3,2.33
104,Hays,2319.708333333333,294.050816664459,27.060646845303648,0.937007874015748,0.8070866141732284,1.0,0.0359237109603884,0.0322799517779584,0.0481107860843343,0.1198119148836519,0.2888181401003979,0.0745019151242369,0.7017151731108989,598365.8287493925,4.0,140.0,418.0,0.659909696567838,0.8622047244094488,1,2.0
105,Hemphill,30.08333333333333,3.813422837492849,0.5555555555555536,0.2854330708661417,0.531496062992126,3.0,0.0006358945592863,0.0313148278394081,0.0222037404613482,0.0408807457009882,0.0704852061214737,-0.0759694666098179,0.1151556077951693,135213.85758000848,1.0,4.0,10.0,0.01578731331502,0.2303149606299212,4,2.67
106,Henderson,478.125,60.60807072054079,66.42674715579288,0.8228346456692913,0.9448818897637796,1.0,0.0481852338464321,0.0885071768818025,0.0251435023350051,0.1341999746295401,0.2426393679117535,0.0839696849594845,0.8318963089380134,257392.71734790117,5.0,92.0,274.0,0.4325723848315493,0.8228346456692913,1,2.33
107,Hidalgo,5187.75,657.6094512533028,88.76313287102535,0.9645669291338582,0.9763779527559056,1.0,0.0031288893728398,0.0820486893381138,0.0657724286051137,0.1624621857547031,0.1094637551623197,0.1922803241853412,0.7918051959035821,152412.79428069768,4.0,509.0,2033.0,3.209560796943576,0.984251968503937,1,2.0
108,Hill,159.29166666666666,20.19212674201546,-2.122153209109734,0.6181102362204725,0.4724409448818897,2.5,0.0911437222373592,0.0997358406247374,0.0815503992868138,0.1495748127470126,0.2484298320832921,0.0339574919595897,1.007986334320612,187208.91047777905,5.0,68.0,269.0,0.4246787281740393,0.8188976377952756,1,2.83
109,Hockley,198.04166666666663,25.10415338864752,70.05681818181819,0.6889763779527559,0.952755905511811,1.5,0.0154841385116963,0.0341290390663509,0.0831165448512748,0.0785352128676608,0.1186977098129841,0.0111111245894399,0.4137693088854383,177034.3505178326,2.0,25.0,74.0,0.1168261185311483,0.6141732283464567,2,1.83
110,Hood,283.1666666666667,35.894766763990866,-12.988442487616949,0.7519685039370079,0.3503937007874015,2.0,0.0456632483953072,0.0744640753986796,0.0553388912190044,0.111780294034509,0.2484074448105289,0.070961631618514,0.7952931682518882,385097.97731983056,4.0,64.0,191.0,0.3015376843168829,0.7795275590551181,1,2.33
111,Hopkins,164.91666666666666,20.905162868139467,-19.351894112277503,0.6259842519685039,0.2519685039370078,3.0,0.0250788014402235,0.0937364054279274,0.1002888877330407,0.1507090633951818,0.1810504467588097,0.0332770192766191,0.7916284192384042,209064.6199965058,4.0,76.0,227.0,0.3583720122509551,0.7913385826771654,1,2.67
112,Houston,60.458333333333336,7.663817918562499,-9.580052493438318,0.4094488188976378,0.3976377952755905,3.0,0.0187876513114316,0.0782675907111582,0.0491429763709217,0.0981929006024405,0.3042835707994099,0.0213140721320735,0.7539822521546747,192704.0971284282,4.0,27.0,79.0,0.1247197751886584,0.6240157480314961,2,3.0
113,Howard,74.91666666666667,9.496584850155324,-19.477911646586342,0.468503937007874,0.2480314960629921,3.5,0.0226448867392311,0.1369896707771845,0.0117015397996,0.0817133317102467,0.0068643840599415,-0.0525347421804841,0.2631910110718101,136647.18275254176,1.0,38.0,113.0,0.1783966404597265,0.6948818897637795,2,2.17
114,Hudspeth,23.791666666666668,3.015878726050439,-18.73015873015873,0.2440944881889764,0.2598425196850393,4.0,0.0,0.0,0.0,0.0,0.0,0.0,0.0,0.0,0.0,4.0,7.0,0.011051119320514,0.1791338582677165,4,2.67
115,Hunt,444.4583333333333,56.34041746196152,-17.93821471240826,0.8149606299212598,0.2874015748031496,2.5,0.0897015704472252,0.113683575470552,0.1167416549386511,0.1132735689137645,0.2501144637935121,0.093953081506868,1.083037740454218,249627.58006262517,5.0,99.0,295.0,0.4657257427930914,0.84251968503937,1,2.83
116,Hutchinson,141.16666666666666,17.89456589117143,-7.171314741035861,0.6023622047244095,0.4330708661417323,2.5,-0.0145596803670703,0.0416736566978525,0.0275136745995689,0.0593383399135234,0.1088960414866132,0.0095671185791949,0.2987649150888287,91757.63508144749,1.0,22.0,66.0,0.1041962678791323,0.5826771653543307,2,1.83
117,Irion,10.75,1.3626912632592176,337.5,0.1200787401574803,0.9960629921259844,2.5,0.004259987154954,0.0336808631526106,0.0594279974973254,0.0781104381755628,0.1515266050646405,-0.016018641829144,0.4145134662669633,199877.45780393577,2.0,1.0,3.0,0.004736193994506,0.0826771653543307,5,3.17
118,Jack,45.75,5.799360492475275,-11.015490533562822,0.358267716535433,0.3779527559055118,3.0,0.0733393150109953,0.0318567281290549,0.0514639100019293,0.1033605975422339,0.1583035852027105,0.0388176916786367,0.7365809338217091,121353.34686924468,4.0,6.0,21.0,0.0331533579615421,0.3169291338582677,3,3.33
119,Jackson,78.70833333333333,9.977224016653729,-53.67931835786213,0.4803149606299212,0.0196850393700787,4.0,0.0141632071683388,0.0552193306570459,0.1060489762750331,0.1193420367363045,0.1927727685777297,-0.060708693496176,0.5135171608230332,169395.89804826284,2.0,17.0,51.0,0.0805152979066022,0.5177165354330708,2,2.67
120,Jasper,176.66666666666666,22.394616109376287,4.929917834702757,0.6496062992125984,0.6299212598425197,2.0,0.017485681347809,0.059716580343082,0.0735179112187421,0.0422944530779936,0.2139812096108301,0.0210298809265668,0.4943851237612131,170092.6319382926,2.0,24.0,72.0,0.1136686558681443,0.6043307086614174,2,2.0
121,Jeff Davis,5.041666666666667,0.6390916389704083,-27.142857142857142,0.0669291338582677,0.1811023622047244,4.5,0.0,0.0,0.0,0.0,0.0,0.0,0.0,0.0,0.0,2.0,3.0,0.004736193994506,0.0826771653543307,5,3.17
122,Jefferson,1785.5,226.33351167900773,33.17009467841985,0.9173228346456692,0.8346456692913385,1.0,0.0512753580896355,0.0764341844752049,0.0865376176968514,0.0620087398178291,0.0633232228922803,0.0209958590928772,0.4817768050412416,144879.31281486756,2.0,240.0,719.0,1.1351078273499415,0.9291338582677166,1,1.33
123,Jim Hogg,18.125,2.2975608508440293,-32.04633204633205,0.1968503937007874,0.1535433070866141,4.0,0.1369449638197768,0.0442137782672201,0.0311238656348351,0.1235201340835184,-0.1159520408375394,-0.1046748677301776,0.1756868564353768,57716.85340864144,1.0,1.0,1.0,0.001578731331502,0.0413385826771653,5,3.33
124,Jim Wells,300.4583333333333,38.086692633186885,2.898142937535164,0.7677165354330708,0.5787401574803149,1.5,-0.0115369922575082,0.0598470108805036,0.0205365700956757,0.0473327265427084,0.0482557501999794,-0.0119789549607206,0.2169094611705109,151250.7363762017,1.0,12.0,24.0,0.0378895519560481,0.3622047244094488,3,1.83
125,Johnson,1196.4583333333333,151.66542490111794,-6.983934933118241,0.9015748031496064,0.4409448818897638,2.0,0.061297101238268,0.0802108392871696,0.0720084360983035,0.1167974998643304,0.1929575948162148,0.1242846494009506,0.8420523437378071,306422.4151609319,5.0,257.0,771.0,1.2172018565880458,0.9429133858267716,1,2.67
126,Jones,72.95833333333333,9.248342643282518,-36.04868913857678,0.452755905511811,0.1141732283464567,3.5,0.0086206207902097,0.135990943570147,-0.0051757556273243,0.1029298506844611,0.0794222247372576,0.0399095446573551,0.4896804734566374,104516.7742352655,2.0,15.0,45.0,0.0710429099175902,0.4901574803149606,3,2.83
127,Karnes,175.875,22.294262876810688,-37.27833461835004,0.6456692913385826,0.1023622047244094,3.0,0.0104045284035138,0.0725206232828812,0.1244741086045338,0.0370993019940007,0.1643402004706816,-0.1709863894793556,0.3439882043356055,99790.77239482226,1.0,11.0,22.0,0.0347320892930441,0.328740157480315,3,2.33
128,Kaufman,983.25,124.63871484647682,3.115854708211385,0.8937007874015748,0.5905511811023622,1.5,0.0617322903476544,0.0642263332488743,0.0607167973505573,0.0893652028822936,0.2600027118029852,0.0908476883199687,0.7872770064249847,299481.037926047,4.0,105.0,419.0,0.6614884278993401,0.8661417322834646,1,2.17
129,Kendall,195.125,24.73443095287952,5.66534914361001,0.6850393700787402,0.6456692913385826,2.0,0.0409024727093894,0.0321497086079096,0.0385029276381802,0.1296252088765922,0.1360209534955801,0.1070587867482321,0.5908909405636515,595348.5355844505,3.0,40.0,119.0,0.1878690284487386,0.7145669291338582,1,2.0
130,Kenedy,1.6666666666666667,0.2112699632960027,10.526315789473696,0.0118110236220472,0.6811023622047244,3.5,0.0,0.0,0.0,0.0,0.0,0.0,0.0,0.0,0.0,3.0,3.0,0.004736193994506,0.0826771653543307,5,2.83
131,Kent,1.8333333333333333,0.2323969596256029,-37.03703703703704,0.0157480314960629,0.1062992125984252,4.5,0.0,0.0,0.0,0.0,0.0,0.0,0.0,0.0,0.0,3.0,3.0,0.004736193994506,0.0826771653543307,5,3.17
132,Kerr,132.75,16.827652576526617,-33.7160751565762,0.5866141732283464,0.1338582677165354,3.0,0.0468710936190561,0.0806922255551905,0.082068267867005,0.1296670465501521,0.236523415908345,0.0640515388542122,0.8339403101586899,430875.7730950176,5.0,102.0,304.0,0.4799343247766095,0.8464566929133859,1,3.0
133,Kimble,13.416666666666666,1.7007232045328218,25.17482517482517,0.1535433070866141,0.7992125984251969,2.5,-0.0113552456950263,0.0403748665883939,0.1055139087344609,0.1486915209211594,0.3021807891437277,-0.0408206072783135,0.766391514849628,162583.99781581925,4.0,5.0,15.0,0.02368096997253,0.2854330708661417,4,3.5
134,King,1.1666666666666667,0.1478889743072019,-44.44444444444444,0.0039370078740157,0.0472440944881889,5.0,0.0,0.0,0.0,0.0,0.0,0.0,0.0,0.0,0.0,0.0,0.0,0.0,0.0137795275590551,5,3.33
135,Kinney,18.70833333333333,2.3715053379976303,-29.92424242424242,0.2047244094488189,0.1653543307086614,4.0,-0.0254625262799174,0.097722205881037,-0.0019885377201513,0.0948364348580323,0.1382732844481815,-0.0133943646828452,0.3632788404102117,79105.35407077552,1.0,2.0,5.0,0.00789365665751,0.1318897637795275,4,3.0
136,Kleberg,180.375,22.864691777709893,41.035634743875285,0.655511811023622,0.8661417322834646,1.5,0.0232483377308753,0.0162559145651726,0.1140151385225045,0.0066911081930552,0.0777855568702579,0.0001544853131334,0.2651994466307091,119277.68564445572,1.0,33.0,99.0,0.1562944018186985,0.6732283464566929,2,1.5
137,Knox,8.125,1.0299410710680132,3.125,0.1023622047244094,0.594488188976378,3.0,0.0,0.0,0.0,0.0,0.0,0.0,0.0,0.0,0.0,4.0,10.0,0.01578731331502,0.2303149606299212,4,2.33
138,La Salle,44.208333333333336,5.603935776426472,2.4809160305343525,0.3543307086614173,0.5708661417322834,2.5,0.0,0.0,0.0,0.0,0.0,0.0,0.0,0.0,0.0,0.0,0.0,0.0,0.0137795275590551,5,2.5
139,Lamar,123.20833333333331,15.618132036657,35.61752988047808,0.5708661417322834,0.8503937007874016,1.5,0.0276995513671946,0.0503523165079369,-0.0171382845981814,0.1050872478474534,0.2706009900401577,0.0529579959558963,0.6137370092505616,198137.3133713696,3.0,127.0,381.0,0.6014966373022639,0.8543307086614174,1,1.83
140,Lamb,66.16666666666667,8.387417542851308,15.468113975576658,0.4330708661417323,0.7165354330708661,2.0,0.0466825317835023,0.0837335533090372,0.0806088664595719,0.165669172078979,0.1478161922477548,0.0185496018921686,0.7940626244768186,67706.01070698934,4.0,15.0,45.0,0.0710429099175902,0.4901574803149606,3,3.0
141,Lampasas,164.25,20.820654882821067,-11.657907310081228,0.6220472440944882,0.3700787401574803,2.5,0.0590940443144384,0.1351377934410078,0.0625081140787712,0.0920631150817879,0.2496755921831666,0.1485551297616584,1.013303614119207,298583.6447123882,5.0,28.0,83.0,0.1310347005146664,0.639763779527559,2,3.17
142,Lavaca,59.75,7.574028184161698,-36.3013698630137,0.405511811023622,0.1102362204724409,3.5,0.0331333897553008,0.0670247645274002,0.0848473166843584,0.0574633741277638,0.2137230476032765,0.0365150024204392,0.6339688787542652,264538.8787904528,3.0,13.0,38.0,0.0599917905970761,0.452755905511811,3,3.17
143,Lee,71.45833333333333,9.058199676316116,-17.553191489361698,0.4488188976377952,0.2952755905511811,3.5,0.0693225150631434,0.0730437570437277,0.0678308718916178,0.1058888631863046,0.2253185951063178,0.0507046774366866,0.8124665366344643,307665.57928812434,4.0,27.0,80.0,0.1262985065201604,0.6299212598425197,2,3.17
144,Leon,73.66666666666667,9.33813237768332,-14.480587618048268,0.4566929133858268,0.3307086614173228,3.0,-0.0026472564059598,0.0578130121200333,0.1127155517773857,0.0977032395549522,0.2634791399500333,-0.008562444837746,0.7115406710000827,197137.79602447792,4.0,16.0,47.0,0.0742003725805942,0.5039370078740157,2,3.0
145,Liberty,539.9583333333334,68.44618635882249,-21.99175824175824,0.84251968503937,0.2362204724409448,2.5,0.0724791563317068,0.0271946610644587,0.084667652477806,0.077035135628742,0.1396504469534886,0.0550692152463883,0.5898036163463413,222541.3045032677,3.0,87.0,260.0,0.4104701461905213,0.8110236220472441,1,2.17
146,Limestone,106.41666666666669,13.489587156449776,0.3137254901960817,0.5551181102362205,0.5236220472440944,2.0,0.0262111447731049,0.0620892923332941,0.0375777326860097,0.092380154125698,0.259508479476179,0.0775580160798019,0.7458742825069394,187040.17380908583,4.0,39.0,117.0,0.1847115657857345,0.7086614173228346,1,2.33
147,Lipscomb,13.333333333333334,1.6901597063680218,-28.877005347593588,0.1496062992125984,0.1732283464566929,4.0,0.0,0.0,0.0,0.0,0.0,0.0,0.0,0.0,0.0,4.0,7.0,0.011051119320514,0.1791338582677165,4,2.67
148,Live Oak,38.41666666666666,4.869772653972863,-22.69230769230769,0.328740157480315,0.2244094488188976,3.5,-0.0166071285518834,-0.0236075629238709,0.0675013616486952,0.0616488697052683,0.1342645773053059,-0.0760349939098737,0.2071461124393761,140802.01727507473,1.0,16.0,31.0,0.0489406712765621,0.3877952755905511,3,2.5
149,Llano,102.0,12.929721753715368,-11.402157164869031,0.5511811023622047,0.374015748031496,2.5,0.0618686042516705,0.1062674417962149,0.0542274755252562,0.1259686561505791,0.332196947462097,0.1397667661075731,1.1371744605907963,418864.5766966229,5.0,14.0,40.0,0.0631492532600802,0.4724409448818897,3,3.5
150,Loving,4.458333333333333,0.5651471518168073,309.5238095238095,0.0511811023622047,0.9921259842519684,3.0,0.0,0.0,0.0,0.0,0.0,0.0,0.0,0.0,0.0,0.0,0.0,0.0,0.0137795275590551,5,2.67
151,Lubbock,1855.6666666666667,235.22797713376943,58.17971014492753,0.9212598425196852,0.9173228346456692,1.0,0.0808165998831889,0.051904243230386,-0.0147554085551074,0.1069082277386183,0.1002328521852344,0.1347356928725405,0.5630291346067962,193460.02014558043,3.0,208.0,623.0,0.9835496195257492,0.9094488188976378,1,1.67
152,Lynn,35.083333333333336,4.447232727380858,92.36111111111111,0.3110236220472441,0.9803149606299212,2.0,-0.0077422001702578,0.0575114634387464,0.0174688654931913,0.1409738095782962,0.1061407071492218,-0.0645338956834813,0.3590213737988385,102977.67950473056,1.0,4.0,11.0,0.017366044646522,0.2460629921259842,4,2.33
153,Madison,62.79166666666666,7.959595867176902,-9.962168978562424,0.4173228346456692,0.389763779527559,3.0,0.0239374262414444,0.0483239948312792,0.0642946470283819,0.1099732175713435,0.255225750937506,0.0825667290771758,0.756187613460883,263784.38412391813,4.0,11.0,32.0,0.0505194026080641,0.4015748031496063,3,3.33
154,Marion,33.083333333333336,4.193708771425654,-44.921875,0.3031496062992126,0.0433070866141732,4.0,-0.0303603418926887,0.0912990710856711,-0.0257726237912204,0.0760650810618623,0.1565213274047744,0.0376747942967195,0.3535874190502665,135780.87164512047,1.0,11.0,32.0,0.0505194026080641,0.4015748031496063,3,2.67
155,Martin,23.83333333333333,3.021160475132839,64.81481481481481,0.2480314960629921,0.9409448818897638,2.5,0.0415316440927954,0.1482498496497896,0.1960591130135389,0.0295471026861577,0.0545072697316015,-0.0643728790330805,0.5583638303570712,185612.29677070424,3.0,8.0,8.0,0.012629850652016,0.1988188976377952,4,3.17
156,Mason,9.333333333333334,1.1831117944576153,-45.51724137931035,0.1141732283464567,0.0393700787401574,4.5,0.0654614708129503,0.0660756707585099,0.0712490215145123,0.122881856079424,0.2943471023624114,0.0183570457435749,0.9444885201832404,255154.68858015665,5.0,12.0,12.0,0.018944775978024,0.2519685039370078,4,4.5
157,Matagorda,267.5833333333333,33.91939260717323,-24.34354485776805,0.7480314960629921,0.2125984251968504,2.5,0.0272531082936828,0.0685335162729448,-0.0226842735192647,0.0591227782218257,0.1094205716353873,0.0250290984330151,0.3128018985278674,182900.42397870225,1.0,44.0,132.0,0.2083925357582646,0.7401574803149606,1,1.5
158,Maverick,733.5416666666666,92.9851925956532,32.71645736946465,0.8779527559055118,0.8307086614173228,1.0,0.008768348296209,-0.0249098662350873,-0.0043126283507993,0.0794329495886401,0.1166523682936872,0.0328225354258934,0.243590376820003,157944.24438317431,1.0,12.0,23.0,0.0363108206245461,0.3444881889763779,3,1.67
159,McCulloch,20.20833333333333,2.561648304964033,16.51785714285714,0.2204724409448819,0.7322834645669292,2.5,0.0178377424896794,0.1008170751778992,-0.0182977356646812,0.0477299351366821,0.1409224514330697,0.1196747630801162,0.5164354297860387,100721.2762988842,2.0,20.0,59.0,0.0931451485586182,0.5590551181102362,2,2.17
160,McLennan,1561.7916666666667,197.97580085560176,30.593663488157485,0.9133858267716536,0.8267716535433071,1.0,0.0762233549665866,0.0725925250007379,0.0622191437912364,0.1339926642771245,0.1959383464766879,0.1281947575555079,0.8876324592561007,263960.488696615,5.0,326.0,976.0,1.5408417795459568,0.9606299212598424,1,2.33
161,McMullen,4.0,0.5070479119104065,-7.9999999999999964,0.0433070866141732,0.4133858267716535,4.0,0.0,0.0,0.0,0.0,0.0,0.0,0.0,0.0,0.0,1.0,2.0,0.003157462663004,0.0649606299212598,5,3.0
162,Medina,252.875,32.054935181086016,5.172413793103448,0.7362204724409449,0.6377952755905512,1.5,0.0423084692961692,0.0791925271698171,0.0785720090403151,0.0903905660223424,0.2080426302462944,0.0309685509804252,0.6689017751149899,323346.49382509623,4.0,17.0,34.0,0.0536768652710681,0.421259842519685,3,2.83
163,Menard,6.291666666666667,0.7975441114424103,55.93220338983051,0.0826771653543307,0.9133858267716536,3.0,0.0,0.0,0.0,0.0,0.0,0.0,0.0,0.0,0.0,4.0,4.0,0.006314925326008,0.108267716535433,4,2.33
164,Midland,653.625,82.85479785560986,35.43448896893291,0.8622047244094488,0.8464566929133859,1.0,0.0456037677716864,0.1274628498196925,0.1134651820140066,0.0015880860843515,-0.0061976537797745,0.0172614096956743,0.3272479618522269,276226.711250334,1.0,198.0,592.0,0.9346089482491868,0.8937007874015748,1,1.0
165,Milam,117.20833333333331,14.857560168791393,-18.281653746770026,0.5669291338582677,0.2755905511811024,3.0,0.0338620671966523,0.1391821880862617,0.0868846599924291,0.0606744836239505,0.2262508541146149,0.0723603773798295,0.8199788701494773,234084.99316968332,5.0,45.0,135.0,0.2131287297527707,0.7440944881889764,1,3.0
166,Mills,32.541666666666664,4.125046033354453,-33.119658119658126,0.2952755905511811,0.1417322834645669,4.0,-0.0008890993020998,0.0307084724989686,0.0679326534419959,0.1258004355076767,0.3993992748174608,-0.228389873158404,0.6719612455931447,143589.05235803817,4.0,6.0,18.0,0.028417163967036,0.2992125984251969,4,4.0
167,Mitchell,38.75,4.912026646632064,-16.205533596837938,0.3385826771653543,0.3188976377952756,3.0,-0.0385971292688029,0.0195821503653102,0.0591560868006533,0.0724355847931466,0.1088732563202816,-0.0254109636631179,0.2313016621123992,74754.74101407606,1.0,11.0,32.0,0.0505194026080641,0.4015748031496063,3,2.33
168,Montague,129.875,16.463211889841013,1.4867485455720697,0.5787401574803149,0.5511811023622047,2.0,0.0423871719043929,0.0622828107289435,0.1111786469770758,0.1327505545010692,0.2520365915958215,0.0813008163931763,0.9795374430492186,251796.35606501787,5.0,12.0,36.0,0.0568343279340721,0.437007874015748,3,3.33
169,Montgomery,4276.0,542.0342178322246,2.314440611138502,0.9566929133858268,0.5669291338582677,1.5,0.0151689005193851,0.0395691295964579,0.0394795947634989,0.0729798752280442,0.1812712871572078,0.0980017524493067,0.5359983700777405,342647.949168743,3.0,470.0,1878.0,2.964857440560765,0.9763779527559056,1,1.83
170,Moore,62.208333333333336,7.885651380023302,60.10452961672475,0.4133858267716535,0.9251968503937008,2.0,0.0939404632856088,0.0856515475740692,-0.0341999779355338,0.056360798209034,0.0555026738690673,0.0330883141049042,0.3858003535853119,134456.70314813324,1.0,16.0,32.0,0.0505194026080641,0.4015748031496063,3,2.0
171,Morris,52.583333333333336,6.6655673419888855,-18.41726618705036,0.3818897637795275,0.2716535433070866,3.5,0.0438435391894971,0.0413587148380089,0.0725345987842334,0.1399020986273656,0.2913830104813343,-0.0319218761342681,0.7908891118036996,127523.01444805524,4.0,16.0,46.0,0.0726216412490922,0.5,2,3.17
172,Motley,3.4166666666666665,0.4331034247568056,21.62162162162162,0.0393700787401574,0.7795275590551181,3.0,0.0,0.0,0.0,0.0,0.0,0.0,0.0,0.0,0.0,5.0,5.0,0.00789365665751,0.1318897637795275,4,2.33
173,Nacogdoches,292.4583333333333,37.07259680936608,0.6001714775650147,0.7637795275590551,0.5354330708661418,1.5,0.0050019144716924,0.0208257899965258,0.0963572346558426,0.0598871598519786,0.1599199040643144,0.0461164091544775,0.512332392264909,179185.79179476068,2.0,76.0,228.0,0.3599507435824571,0.7952755905511811,1,1.5
174,Navarro,170.45833333333334,21.60763549609868,-33.0204081632653,0.6417322834645669,0.1456692913385826,3.0,0.0697716938845747,0.1013957625752182,0.1095450414303469,0.0963174368567334,0.2238529027232145,0.083389492080984,0.9658436495356664,165816.15463022026,5.0,97.0,289.0,0.4562533548040794,0.8346456692913385,1,3.0
175,Newton,41.5,5.260622086070468,21.333333333333336,0.3464566929133858,0.7716535433070866,2.0,0.0418442792910045,0.0433693664290181,0.1654571098022433,-0.1029809879798044,0.1459881797127061,0.0552863278021463,0.4066501047072068,150864.9350639948,2.0,8.0,23.0,0.0363108206245461,0.3444881889763779,3,2.33
176,Nolan,55.41666666666666,7.02472627959209,30.50259965337956,0.3858267716535433,0.8228346456692913,2.0,-0.009284809794798,0.0649097837787087,0.0584217326027629,0.0753729016267664,0.0902569143277109,0.007916799620124,0.3913713004712088,93569.2354168311,1.0,24.0,71.0,0.1120899245366423,0.594488188976378,2,1.67
177,Nueces,2190.208333333333,277.6351405163596,45.96415703523466,0.9251968503937008,0.8818897637795275,1.0,0.0060042369263711,0.0115852537261622,0.0781517768796298,0.0880303867282758,0.0903810530846324,0.0278214022733202,0.3632120520093476,183460.5633181417,1.0,159.0,477.0,0.7530548451264564,0.8740157480314961,1,1.0
178,Ochiltree,52.5,6.655003843824085,-2.197802197802201,0.3779527559055118,0.468503937007874,3.0,0.0288044371977149,0.0185741832766404,0.0183407591254121,0.0321817418532897,0.0674557726823099,-0.0692048274845594,0.1128091854231123,103973.25791757216,1.0,13.0,39.0,0.0615705219285782,0.4645669291338583,3,2.33
179,Oldham,7.125,0.9031790930904118,-20.0,0.0905511811023622,0.2440944881889764,4.5,0.0,0.0,0.0,0.0,0.0,0.0,0.0,0.0,0.0,5.0,10.0,0.01578731331502,0.2303149606299212,4,2.83
180,Orange,284.6666666666667,36.084909730957264,-31.972454500737825,0.7598425196850394,0.1574803149606299,2.5,0.0495261071491726,0.0625527428342877,0.0994392891294295,0.0558868536347794,0.0553841527846298,-0.0145642194836626,0.3919242243357362,165095.4140500821,1.0,98.0,293.0,0.4625682801300874,0.8385826771653543,1,1.5
181,Palo Pinto,212.5,26.936920320240347,-6.671721000758146,0.7086614173228346,0.4448818897637795,2.0,-0.005546574114113,0.0999225626783923,0.0537132722758128,0.1099221069004868,0.2709247857716677,0.0926132957489471,0.8290156128996231,312861.9657548768,5.0,59.0,177.0,0.2794354456758549,0.7696850393700787,1,2.67
182,Panola,84.95833333333333,10.769486379013738,4.308617234468937,0.5,0.6141732283464567,2.0,-0.0087513497206192,0.0702649961024017,0.0519067476455078,0.063761069563146,0.1043621169240772,0.0378909188494618,0.3878328807110808,166730.0704747144,1.0,15.0,45.0,0.0710429099175902,0.4901574803149606,3,2.0
183,Parker,976.2916666666666,123.756662749716,-14.275523145212432,0.889763779527559,0.3346456692913386,2.0,0.0687382508508677,0.0518959135275804,0.0712447932789875,0.0677312354453914,0.2199394049468754,0.0792636137896889,0.730270045396318,402226.1926010332,4.0,180.0,538.0,0.8493574563480787,0.8818897637795275,1,2.33
184,Parmer,24.58333333333333,3.11623195861604,20.149253731343286,0.2559055118110236,0.7598425196850394,2.5,0.0105045525918183,0.0029028203884899,0.0872616769302662,0.067755893567772,0.1969062212907293,-0.0207765550106287,0.3572508419946537,131429.58312321635,1.0,11.0,21.0,0.0331533579615421,0.3169291338582677,3,2.17
185,Pecos,75.29166666666667,9.544120591896924,46.85792349726776,0.4724409448818897,0.889763779527559,2.0,0.0220236507282108,0.089078112976742,0.180301148943012,0.2020268467947216,0.0670186406952097,-0.1092979208122458,0.5529644782358085,131936.4839953032,3.0,8.0,24.0,0.0378895519560481,0.3622047244094488,3,2.67
186,Polk,199.91666666666663,25.341832097355528,0.9212730318257868,0.6929133858267716,0.547244094488189,2.0,0.0423199779549806,0.0278893612142,0.0453617025473407,0.0695038287467727,0.1362391356026527,0.0922412901918426,0.4195921485118745,152448.80770085778,2.0,63.0,189.0,0.2983802216538789,0.7755905511811023,1,1.67
187,Potter,546.5,69.27542096475929,-13.34851287889569,0.8464566929133859,0.3425196850393701,2.0,0.0374625080110954,0.0279654609674845,0.0596962749253711,0.0931994268125219,0.1200933048298772,0.1351575607766226,0.5821450547421423,162540.5901126986,3.0,208.0,624.0,0.9851283508572511,0.9133858267716536,1,2.0
188,Presidio,16.791666666666668,2.1285448802072278,15.508021390374328,0.1811023622047244,0.7244094488188977,2.5,0.0926441336516144,0.0264991261824313,0.0671787363557347,0.0994968779008967,0.4727766026342466,0.0312895937239187,1.0169428305295412,258674.2947971913,5.0,1.0,1.0,0.001578731331502,0.0413385826771653,5,4.17
189,Rains,40.583333333333336,5.144423606257666,-15.87901701323251,0.3425196850393701,0.3228346456692913,3.0,0.0397044064723953,0.046652136397685,0.0904511444526615,0.0773541893977387,0.2105796820961983,0.0539609576375109,0.6331141328634295,282144.2208959071,3.0,11.0,33.0,0.0520981339395661,0.4153543307086614,3,3.0
190,Randall,481.0,60.97251140722639,-39.51063533991381,0.8267716535433071,0.0787401574803149,3.0,0.015515899278801,0.0187159448682282,0.0298088600465262,0.0648301467697791,0.1286373192501675,0.0878518081725804,0.4001651418651651,257980.06350350755,2.0,96.0,286.0,0.4515171608095734,0.8267716535433071,1,2.0
191,Reagan,6.041666666666667,0.7658536169480099,4.225352112676051,0.0787401574803149,0.6062992125984252,3.5,0.0,0.0,0.0,0.0,0.0,0.0,0.0,0.0,0.0,3.0,6.0,0.009472387989012,0.1535433070866141,4,2.5
192,Real,17.25,2.186644120113628,12.307692307692308,0.1889763779527559,0.6889763779527559,3.0,-0.0342590610181876,0.1210576680497207,0.0448976701733674,0.1064108049565141,0.346786136293733,0.0653826120609236,0.887684944354228,295391.6087419284,5.0,2.0,4.0,0.006314925326008,0.108267716535433,4,4.0
193,Red River,32.916666666666664,4.172581775096053,-23.2662192393736,0.2992125984251969,0.2204724409448819,4.0,0.0755714883922324,0.0200576378829032,0.0635109022592534,0.1029922601864181,0.2193492904839014,0.0383635652169843,0.6988828521053057,119906.6482336934,4.0,13.0,38.0,0.0599917905970761,0.452755905511811,3,3.67
194,Reeves,94.20833333333331,11.942034675306552,15.12844909609896,0.5196850393700787,0.7125984251968503,1.5,0.0402638177967592,0.1794283011771094,0.0953065845519171,0.1543657411879464,0.121396172028772,-0.2483414325231837,0.4293955440014524,107841.28642394966,2.0,13.0,39.0,0.0615705219285782,0.4645669291338583,3,2.17
195,Refugio,38.708333333333336,4.906744897549664,-22.030651340996165,0.3346456692913386,0.2322834645669291,3.5,0.0221066172610469,0.0572641192676294,0.1675979897272799,0.0978760106823327,0.0574526683529137,-0.0447726766370666,0.510728962128532,104483.75046129824,2.0,4.0,16.0,0.025259701304032,0.2913385826771653,4,3.17
196,Roberts,4.333333333333333,0.549301904569607,-17.543859649122805,0.0472440944881889,0.2992125984251969,4.5,0.0,0.0,0.0,0.0,0.0,0.0,0.0,0.0,0.0,0.0,0.0,0.0,0.0137795275590551,5,3.17
197,Robertson,109.75,13.912127083041778,-10.093727469358328,0.562992125984252,0.3858267716535433,2.5,0.0655064271316245,0.0676277370947284,0.0214360163935186,0.0306271388009572,0.2856086505416237,-0.0681839439081298,0.5423933938214143,193288.5994836045,3.0,21.0,61.0,0.0963026112216223,0.5728346456692913,2,2.5
198,Rockwall,659.8333333333334,83.64177846888748,-24.977895667550843,0.8661417322834646,0.1968503937007874,2.5,0.0410934105334201,0.0358462642009024,0.0254167340561646,0.0670247632912412,0.2164473202148173,0.1218260442580201,0.5858803422130267,434658.4734051272,3.0,153.0,458.0,0.7230589498279183,0.8700787401574803,1,2.17
199,Runnels,25.95833333333333,3.2905296783352425,-44.25,0.2637795275590551,0.0511811023622047,4.5,0.0337869689449719,0.0686633789025523,0.1017813305851258,0.0929724480927912,0.1663835427682141,-0.0688193444467726,0.4737314672346935,108393.95611956582,2.0,13.0,38.0,0.0599917905970761,0.452755905511811,3,3.17
200,Rusk,194.20833333333331,24.61823247306672,-39.8832016489179,0.6811023622047244,0.0748031496062992,3.5,0.0141075763913991,0.0434647861847914,0.0996107524288124,0.0484075885628181,0.12011925560546,0.0751192162061477,0.5291462762988708,163836.0701810223,3.0,42.0,125.0,0.1973414164377506,0.7283464566929134,1,2.5
201,Sabine,30.08333333333333,3.813422837492849,-24.75728155339806,0.2854330708661417,0.2047244094488189,4.0,-0.018319297424856,0.1041741977506139,0.057363551997183,0.1148878267298792,0.2522663757883899,0.0063278977397049,0.6095471001247359,172148.08533891375,3.0,8.0,23.0,0.0363108206245461,0.3444881889763779,3,3.33
202,San Augustine,22.125,2.804608762754436,-34.06249999999999,0.2283464566929134,0.1299212598425196,4.0,0.0441285823261142,0.1710716675666798,0.0722313196751684,0.0534764851490863,0.1867057747210804,-0.0664378103052637,0.8159902258614705,112260.76596300164,4.0,7.0,13.0,0.020523507309526,0.265748031496063,4,4.0
203,San Jacinto,169.70833333333334,21.51256401261548,21.599564744287257,0.6377952755905512,0.7755905511811023,1.5,0.0131004685542102,0.0673285603433673,0.0752507030714374,0.0884795281861723,0.2434080707139732,-0.0032344936242629,0.5519692182643074,191595.2414400576,3.0,32.0,95.0,0.1499794764926904,0.6692913385826772,2,2.17
204,San Patricio,390.375,49.48470715300624,19.568783688774303,0.7992125984251969,0.7519685039370079,1.0,0.0012736602530702,0.026265819315149,0.0906379022390049,0.0367242989576555,0.0758974219660734,0.0106976688245743,0.29632433569421,166426.17878416044,1.0,50.0,149.0,0.2352309683937987,0.7559055118110236,1,1.0
205,San Saba,23.375,2.963061235226438,-40.17094017094017,0.2401574803149606,0.0669291338582677,4.5,0.0,0.0,0.0,0.0,0.0,0.0,0.0,0.0,0.0,6.0,17.0,0.026838432635534,0.2952755905511811,4,2.83
206,Schleicher,8.875,1.1250125545512146,17.34693877551021,0.1102362204724409,0.7362204724409449,2.5,0.0,0.0,0.0,0.0,0.0,0.0,0.0,0.0,0.0,1.0,1.0,0.001578731331502,0.0413385826771653,5,2.5
207,Scurry,150.875,19.12521342737065,51.80806675938805,0.6141732283464567,0.9015748031496064,1.5,0.000206835591929,-0.0010910729052188,0.07083107932191,0.0421438192546098,0.1346382512643374,-0.0903903645172592,0.2003757545697087,110307.2839528326,1.0,7.0,20.0,0.0315746266300401,0.3051181102362205,3,1.83
208,Shackelford,6.791666666666667,0.8609251004312112,-61.86440677966102,0.0866141732283464,0.0078740157480314,5.0,0.0108344863073729,-0.0007991363869597,0.0634869784237449,0.0984106450923591,0.2388103707885699,-0.0348839226485326,0.5289233230438682,114106.46879722648,2.0,2.0,2.0,0.003157462663004,0.0649606299212598,5,4.0
209,Shelby,93.91666666666669,11.905062431729757,3.063063063063054,0.5137795275590551,0.5866141732283464,2.0,-0.0077382443412401,-0.0037170966596883,0.1077876056367364,0.1106507537709908,0.1677240959247807,-0.0705239373372792,0.3556849822878725,148524.60309133367,1.0,20.0,59.0,0.0931451485586182,0.5590551181102362,2,1.67
210,Sherman,4.666666666666667,0.5915558972288076,-16.393442622950815,0.0570866141732283,0.3149606299212598,4.0,0.0,0.0,0.0,0.0,0.0,0.0,0.0,0.0,0.0,1.0,2.0,0.003157462663004,0.0649606299212598,5,3.0
211,Smith,972.4583333333334,123.2707418341352,2.9478260869565176,0.8818897637795275,0.5826771653543307,1.5,0.0395521469334543,0.0331791430038413,0.0412269422169227,0.0932945304082475,0.1548834741931367,0.0927449912446862,0.6206264093921795,237136.73131890548,3.0,268.0,1071.0,1.6908212560386473,0.968503937007874,1,1.83
212,Somervell,38.25,4.848645657643263,-7.547169811320753,0.3228346456692913,0.4173228346456692,3.0,0.0638544664397104,0.0508735782230086,0.0514308651480255,0.1019951956860485,0.2098173040992462,0.1412991499315855,0.8225481922957187,415234.2284998229,5.0,12.0,36.0,0.0568343279340721,0.437007874015748,3,3.67
213,Starr,487.75,61.8281547585752,34.683239775461104,0.8307086614173228,0.84251968503937,1.0,0.0495411865982827,-0.0148179483908047,0.0540261905447159,0.2184977762011573,0.0624473577053259,-0.067732185261321,0.4676915050840379,74626.07163798362,2.0,20.0,60.0,0.0947238798901203,0.5669291338582677,2,1.67
214,Stephens,29.5,3.739478350339248,-44.05286343612335,0.2795275590551181,0.0551181102362204,4.5,0.0127551673958484,0.0796253004580156,0.0549655397600143,0.1171667122759004,0.1765825802212376,0.1402975293033904,0.8391599210314955,118951.40209356313,5.0,8.0,23.0,0.0363108206245461,0.3444881889763779,3,4.17
215,Sterling,2.9166666666666665,0.3697224357680047,-33.333333333333336,0.0354330708661417,0.1377952755905512,4.5,0.0,0.0,0.0,0.0,0.0,0.0,0.0,0.0,0.0,3.0,5.0,0.00789365665751,0.1318897637795275,4,2.83
216,Stonewall,1.2916666666666667,0.1637342215544021,-59.09090909090908,0.0078740157480314,0.0118110236220472,5.0,0.0,0.0,0.0,0.0,0.0,0.0,0.0,0.0,0.0,1.0,1.0,0.001578731331502,0.0413385826771653,5,3.33
217,Sutton,8.541666666666666,1.082758561892014,20.430107526881724,0.1062992125984252,0.7637795275590551,2.5,0.0254784589199989,0.0177672382909311,0.0410095790424506,0.0405914124529304,0.1532077983055024,-0.0648515740396835,0.2970934385035426,112881.8367442508,1.0,4.0,7.0,0.011051119320514,0.1791338582677165,4,2.5
218,Swisher,38.125,4.832800410396063,-62.19879518072289,0.3188976377952756,0.0039370078740157,4.0,0.0784715313950922,0.0563483629540328,0.1584853389957329,-0.0205682094093855,0.1697959237798838,0.0532251455569596,0.5761244867998702,75067.30846167283,3.0,5.0,13.0,0.020523507309526,0.265748031496063,4,3.67
219,Tarrant,15855.041666666666,2009.8164425839564,5.381729861017415,0.9881889763779528,0.6417322834645669,1.5,0.0624975265832156,0.0753288365141605,0.0588663185484294,0.0868003034700967,0.1196888599167622,0.1281488353583425,0.6489209165213656,345473.0856210443,4.0,1480.0,5917.0,9.341353288497364,0.9960629921259844,1,2.17
220,Taylor,420.1666666666667,53.26115774692229,-5.290596640278045,0.8070866141732284,0.452755905511811,2.0,0.0272105074225592,0.064097092338242,-0.005154520595596,0.1132151978032396,0.1465502329775133,0.0722093477102727,0.4978845063196004,193444.3543410996,2.0,248.0,742.0,1.1714186479744877,0.937007874015748,1,1.67
221,Terrell,2.4166666666666665,0.3063414467792039,-18.75,0.0255905511811023,0.2559055118110236,4.5,0.0,0.0,0.0,0.0,0.0,0.0,0.0,0.0,0.0,6.0,6.0,0.009472387989012,0.1535433070866141,4,2.83
222,Terry,18.75,2.3767870870800305,9.302325581395344,0.2086614173228346,0.6692913385826772,3.0,-0.1240435516574806,0.0941115256025472,0.0822246822491242,0.0995726877617095,-0.0150128339502044,-0.0800964916436173,0.1030702840957989,79942.14170227051,1.0,24.0,71.0,0.1120899245366423,0.594488188976378,2,2.0
223,Throckmorton,2.458333333333333,0.311623195861604,45.83333333333333,0.0314960629921259,0.8779527559055118,3.0,0.0,0.0,0.0,0.0,0.0,0.0,0.0,0.0,0.0,7.0,13.0,0.020523507309526,0.265748031496063,4,2.33
224,Titus,150.375,19.061832438381845,-7.520000000000005,0.610236220472441,0.421259842519685,2.5,0.0627706191781744,0.0395124757273949,0.0740201146855431,0.0955080923633226,0.209674756310094,0.0534199986529789,0.7480650040727138,203334.8781283146,4.0,30.0,89.0,0.1405070885036784,0.6535433070866141,2,2.83
225,Tom Green,302.8333333333333,38.38775233088369,37.438745508003926,0.7716535433070866,0.8622047244094488,1.0,0.0260995060357559,0.0556749980341624,0.172147621881407,0.0726465611537625,0.1822187381406165,0.0213745769311814,0.7087508373298621,246342.39866764168,4.0,231.0,692.0,1.0924820813993874,0.9251968503937008,1,2.0
226,Travis,8573.208333333334,1086.7568459473907,36.583879498677696,0.984251968503937,0.8543307086614174,1.0,0.0216384426010273,0.0469035688996457,0.0454783145519756,0.1266795292601682,0.2355925904131175,0.0717649557333292,0.6252170089684123,655275.1990602972,3.0,480.0,1918.0,3.0280066938208456,0.9803149606299212,1,1.67
227,Trinity,69.08333333333333,8.757139978619312,-22.293676312968916,0.4409448818897638,0.2283464566929134,3.5,0.0091685984281655,0.1042658086880162,0.0520206803660621,0.0793403571949526,0.2366871721530832,0.004442258526725,0.6579874736000977,156235.38641826418,4.0,19.0,57.0,0.0899876858956142,0.5511811023622047,2,3.17
228,Tyler,84.16666666666667,10.669133146448138,-13.13598519888992,0.4960629921259842,0.3464566929133858,3.0,-0.0186186152608768,0.0370376462190648,0.1267447838248085,0.0828668642618829,0.2025962410987643,-0.0097089723391425,0.5640819023161239,137374.57923625165,3.0,11.0,33.0,0.0520981339395661,0.4153543307086614,3,3.0
229,Upshur,101.125,12.818805022984966,-45.70883661792753,0.5413385826771654,0.0354330708661417,3.5,0.0147477078209236,0.0533359021924315,0.0408212343823841,0.1014055090900797,0.1698747812495996,0.0759591659225362,0.5853560388410382,165936.75202164432,3.0,42.0,126.0,0.1989201477692526,0.7322834645669292,1,2.5
230,Upton,4.916666666666667,0.6232463917232081,-6.5573770491803245,0.0629921259842519,0.4488188976377952,4.0,0.0,0.0,0.0,0.0,0.0,0.0,0.0,0.0,0.0,3.0,7.0,0.011051119320514,0.1791338582677165,4,2.67
231,Uvalde,343.0833333333333,43.48992194448216,0.0972053462940492,0.7834645669291339,0.515748031496063,1.5,0.0109907406757904,-0.0146132161096675,0.0719472088350205,0.0847351562942724,0.1287944158476501,0.0155111799496153,0.418982555216905,155166.77734529623,2.0,18.0,36.0,0.0568343279340721,0.437007874015748,3,2.17
232,Val Verde,443.7083333333333,56.245345978478326,-4.461990451707676,0.8110236220472441,0.4645669291338583,2.0,0.0141851067434781,0.0361164068101172,0.1286793394116581,0.0256745918112124,0.1467288836044511,0.0517241255549554,0.5496310452447194,172168.223761649,3.0,35.0,105.0,0.1657667898077105,0.6771653543307087,2,2.33
233,Van Zandt,225.83333333333331,28.62708002660837,-17.99865681665548,0.7204724409448819,0.2834645669291338,2.5,0.0637167236122922,0.0565946367147831,0.1041278535326341,0.1120003573786869,0.2725741760289787,0.0272645178211299,0.8828935674033308,241691.4015881929,5.0,56.0,168.0,0.2652268636923368,0.7637795275590551,1,2.83
234,Victoria,572.4583333333334,72.56595064309454,-15.112367110752256,0.8503937007874016,0.326771653543307,2.0,-0.0104741500686672,0.0457915574825153,0.0814832539064228,0.080682576899593,0.1077369327102267,0.0818834219021436,0.4618487251453567,214020.7213745092,2.0,96.0,287.0,0.4530958921410754,0.8307086614173228,1,1.67
235,Walker,591.0,74.91632898476257,-1.6501188644944764,0.8543307086614174,0.4763779527559055,2.0,0.0276757701444517,0.0395591910406533,0.0811816867089353,0.1047666199860305,0.2270209114474364,0.0793737021240485,0.7146104844485172,283506.9906071485,4.0,29.0,85.0,0.1341921631776704,0.6496062992125984,2,2.67
236,Waller,309.9583333333333,39.2909314239741,-8.569222851260939,0.7755905511811023,0.4094488188976378,2.0,0.0408875637515437,0.0327632713775283,0.0201993880820509,0.0495208829501919,0.1800165174089927,0.1030479820732409,0.5075331817894974,359773.0622122898,2.0,28.0,83.0,0.1310347005146664,0.639763779527559,2,2.0
237,Ward,79.20833333333333,10.04060500564253,-0.3151260504201669,0.484251968503937,0.5039370078740157,2.5,0.1373702026616295,0.1397963895650859,0.1031303155301114,0.0742166496809137,0.1225957379455026,-0.1407595307813582,0.5042287664141345,133971.61500131278,2.0,14.0,27.0,0.0426257459505541,0.3759842519685039,3,2.5
238,Washington,284.2083333333333,36.02681049105087,-0.962941348117885,0.7559055118110236,0.4960629921259842,2.0,0.0662963077376432,0.0461609847514259,0.0688077667151917,0.1190114427883028,0.2446035024366313,0.1519464440141615,0.9426628198368904,442190.9752342572,5.0,28.0,83.0,0.1310347005146664,0.639763779527559,2,3.0
239,Webb,2802.0416666666665,355.19234404232213,67.74296293347135,0.9448818897637796,0.9488188976377953,1.0,0.0147028798335784,0.0531248276574048,0.0664350393006115,0.0673992189102864,0.0933140298178422,0.0047967333963285,0.4093116351631137,180972.16545395803,2.0,41.0,122.0,0.1926052224432446,0.7244094488188977,1,1.33
240,Wharton,238.54166666666663,30.23801349674039,-38.04809052333805,0.7283464566929134,0.0905511811023622,3.0,0.0144502909743577,0.0185519481942529,0.0946118784825435,0.0736767422388933,0.0891755635922636,0.0562432039822741,0.4162373893076414,219063.54322936997,2.0,22.0,64.0,0.1010388052161283,0.5787401574803149,2,2.33
241,Wheeler,22.875,2.899680246237637,-39.94169096209913,0.2322834645669291,0.0708661417322834,4.5,0.0,0.0,0.0,0.0,0.0,0.0,0.0,0.0,0.0,10.0,29.0,0.0457832086135581,0.3818897637795275,3,2.5
242,Wichita,1201.0416666666667,152.24641730018195,78.28731415331146,0.905511811023622,0.968503937007874,1.0,0.0292798730535074,0.0728336871771066,0.0465020565953496,0.1383401275903351,0.1616238591959438,0.1063671978546074,0.7188216217401244,142655.07471551516,4.0,179.0,535.0,0.8446212623535726,0.8779527559055118,1,2.0
243,Wilbarger,78.375,9.934970023994529,-1.372756071805703,0.4763779527559055,0.4881889763779528,3.0,0.0368066099294334,0.0380657983601858,0.0932285760423163,0.1123475898633667,0.0213093097176801,0.0967294512303298,0.580760919750009,73936.70567921853,3.0,30.0,90.0,0.1420858198351804,0.65748031496063,2,2.67
244,Willacy,216.125,27.39643249040915,-24.704291990537342,0.7125984251968503,0.2086614173228346,2.5,0.0167544274975465,0.0938061848897795,0.1596325217113816,0.1186841327792464,0.1805404626257271,-0.1862506839902414,0.7032652120546452,57877.82644012152,4.0,7.0,21.0,0.0331533579615421,0.3169291338582677,3,3.17
245,Williamson,4691.416666666667,594.6932561837533,22.192840509926203,0.9606299212598424,0.7913385826771654,1.0,0.023054497904467,0.0361952177314128,0.027010580326893,0.1086247500338929,0.25878625249282,0.0586286014837645,0.579586778293543,435002.4753014224,3.0,191.0,571.0,0.9014555902876448,0.889763779527559,1,1.67
246,Wilson,257.375,32.62536408198522,-24.765957446808507,0.7401574803149606,0.2007874015748031,2.5,0.0263336825429563,0.0106056308959971,0.0542086758043819,0.106988929146366,0.1840578916997046,0.0695130128515021,0.5671859939302527,340414.01407571865,3.0,24.0,72.0,0.1136686558681443,0.6043307086614174,2,2.5
247,Winkler,48.625,6.163801179160879,-30.869565217391305,0.3661417322834646,0.1614173228346456,3.5,0.065458538878896,0.1268415151197112,0.3028489728248235,0.1963469799251879,0.0899396599147225,-0.0843459596828114,0.8709340106560974,90232.66001959828,5.0,12.0,35.0,0.0552555966025701,0.4271653543307087,3,3.83
248,Wise,501.25,63.539441461272816,-6.995026472003851,0.8385826771653543,0.437007874015748,2.0,0.0930513148587779,0.0563522701883682,0.0994071888660447,0.0916042287281269,0.2319425469769065,0.0616574132203383,0.8282133787491684,350968.21613942104,5.0,59.0,177.0,0.2794354456758549,0.7696850393700787,1,2.67
249,Wood,167.04166666666666,21.174532071341872,-9.729473184622684,0.6299212598425197,0.3937007874015748,2.5,0.0346683901886812,0.0813183871436745,0.0879420559136373,0.1407332255078266,0.2674749243086146,0.0414238645992587,0.8546251371304526,253383.02502472975,5.0,40.0,120.0,0.1894477597802406,0.7204724409448819,1,2.83
250,Yoakum,18.916666666666668,2.3979140834096317,448.57142857142856,0.2125984251968504,1.0,2.5,0.02811520661837,0.0434322389359817,0.1169220547040113,0.1631495148178622,0.0985357152383449,-0.0471642936478701,0.5178865496439723,150118.51617372633,2.0,4.0,8.0,0.012629850652016,0.1988188976377952,4,2.83
251,Young,99.20833333333331,12.57584456519456,-25.950292397660824,0.531496062992126,0.1850393700787401,3.0,-0.0055194640892532,0.0450147440447216,0.0690641817955914,0.1221280383198019,0.1922570030762175,0.1354279841199871,0.6405314389107883,137071.65334935545,3.0,18.0,54.0,0.0852514919011082,0.5393700787401575,2,2.67
252,Zapata,56.208333333333336,7.125079512157692,2.2488755622188883,0.3937007874015748,0.562992125984252,2.5,0.0323531694059015,-0.0350461135311551,0.0689139367257182,0.0651056991126308,0.0384715453318448,-0.0449346699905314,0.2164681788106453,96680.30190532032,1.0,2.0,4.0,0.006314925326008,0.108267716535433,4,2.5
253,Zavala,107.58333333333331,13.637476130756976,4.272151898734178,0.5590551181102362,0.610236220472441,2.0,0.0044465715386118,0.0167313945406823,0.0672322176189484,0.0410845549718173,0.1994898157887178,0.1038272127891586,0.5447211548015283,77698.83820943345,3.0,7.0,13.0,0.020523507309526,0.265748031496063,4,3.0
