County,Mean_Offense,Median_Offense,Variance_Offense,Offense_Std. Dev.,Rank,Name,Named For,Variance_percent,LIndex
Anderson,18.71875,20.0,63.84153543307085,7.990089826345562,1,Anderson,K.L. Anderson (1805-45),0.024781212880021462,5
Andrews,7.25,6.0,11.425531914893616,3.3801674388842953,2,Andrews,Richard Andrews (?-1835),0.0044350208172435025,5
Angelina,37.01759530791789,34.0,226.83498361221316,15.06104191655455,3,Angelina,the Angelina River,0.08804998155822151,5
Aransas,12.849056603773585,17.0,44.01523947750362,6.6343982001010176,4,Aransas,the Aransas River,0.017085288003460465,5
Archer,1.8,2.0,0.17777777777777778,0.4216370213557839,5,Archer,Branch T. Archer (1790-1856),6.900756578868435e-05,5
Armstrong,1.0,1.0,0.0,0.0,6,Armstrong,"a Texas pioneer family, now unknown",0.0,5
Atascosa,22.59493670886076,22.0,129.3762799322744,11.374369430094768,7,Atascosa,"Spanish for ""boggy""",0.05021967458768438,5
Austin,6.04,6.0,6.161632653061224,2.4822636147398254,8,Austin,Stephen F. Austin (1793-1836),0.0023917458975290327,5
Bailey,3.2857142857142856,3.0,3.514285714285715,1.8746428231227716,9,Bailey,Peter James Bailey III (1812-36),0.0013641317022870284,5
Bandera,7.117647058823529,7.0,7.785882352941176,2.790319399807337,10,Bandera,the Bandera Mountains,0.0030222269364011886,5
Bastrop,11.347826086956522,14.0,27.671355498721233,5.260356974457269,11,Bastrop,"Felipe Enrique Neri, Baron de Bastrop (1759-1827)",0.010741122478350436,5
Baylor,1.4,1.0,0.30000000000000004,0.5477225575051662,12,Baylor,Henry W. Baylor (1818-54),0.00011645026726840485,5
Bee,8.846153846153847,10.0,12.133603238866398,3.4833322033458707,13,Bee,Barnard E. Bee Sr. (1787-1853),0.004709871133649249,5
Bell,97.78858625162127,88.0,2676.829272154565,51.73808338308025,14,Bell,Peter H. Bell (1812-98),1.039058280580962,5
Bexar,455.0792216817234,460.0,29920.438115427434,172.97525289886826,15,Bexar,"Bejar, the hometown of the Spanish viceroy",11.614143384430973,3
Blanco,5.75,8.0,9.67741935483871,3.1108550841912757,16,Blanco,Blanco River,0.0037564602344646717,5
Borden,1.0,1.0,0.0,0.0,17,Borden,Gail Borden Jr. (1801-74),0.0,5
Bosque,6.2,6.0,6.709090909090909,2.590191288127367,18,Bosque,Bosque River,0.0026042514316388715,5
Bowie,73.70531400966183,67.0,1485.633987844788,38.543922839337306,19,Bowie,James Bowie (1796-1836),0.5766749164918388,5
Brazoria,94.9766081871345,107.0,1407.5849322760462,37.51779487491297,20,Brazoria,the county seat,0.5463788052217503,5
Brazos,69.17405582922824,63.0,884.3183389508258,29.737490461550816,21,Brazos,the Brazos River,0.3432636897372516,5
Brewster,1.5714285714285714,2.0,0.2857142857142857,0.5345224838248488,22,Brewster,Henry P. Brewster (1816-84),0.00011090501644609982,5
Briscoe,0.0,0.0,0.0,0.0,23,Briscoe,Andrew Briscoe (1810-49),0.0,5
Brooks,1.8,2.0,0.17777777777777778,0.4216370213557839,24,Brooks,James Brooks (1855-1944),6.900756578868435e-05,5
Brown,31.748858447488583,30.0,273.6843450211553,16.543407902278034,25,Brown,Henry S. Brown (1793-1834),0.10623538374963952,5
Burleson,9.32876712328767,10.0,16.695966514459666,4.086069812724651,26,Burleson,Edward Burleson (1798-1851),0.006480832543043886,5
Burnet,15.739495798319327,18.0,60.990884489388975,7.809666093335167,27,Burnet,David G. Burnet (1788-1870),0.023674682665752508,5
Caldwell,10.573333333333334,11.0,29.19387387387387,5.4031355594574775,28,Caldwell,Matthew Caldwell (1798-42),0.01133211471737571,5
Calhoun,6.9245283018867925,7.0,10.648040638606677,3.2631335612577486,29,Calhoun,John C. Calhoun (1782-1850),0.004133223927501945,5
Callahan,4.2727272727272725,5.0,5.35064935064935,2.313147066368533,30,Callahan,James H. Callahan (1812-56),0.0020769484898087785,5
Cameron,72.12040133779264,79.0,849.4293653327952,29.144971527397228,31,Cameron,Ewen Cameron (1811-43),0.3297209220621183,5
Camp,3.5217391304347827,3.0,3.0790513833992095,1.7547225944288771,32,Camp,John L. Camp (1828-91),0.0011951878550999651,5
Carson,2.230769230769231,2.0,0.6923076923076924,0.8320502943378437,33,Carson,Samuel P. Carson (1798-1838),0.00026873138600401117,5
Cass,10.518987341772151,11.0,24.175916910094127,4.916901149107447,34,Cass,Lewis Cass (1782-1866),0.009384306618797363,5
Castro,5.75,6.0,9.06521739130435,3.0108499449996424,35,Castro,Henri Castro (1786-1865),0.003518823293545277,5
Chambers,12.894736842105264,12.0,37.79413134606428,6.147693172732702,36,Chambers,Thomas Jefferson Chambers (1802-65),0.014670455654754609,5
Cherokee,18.81159420289855,23.0,70.54818576113406,8.399296742057281,37,Cherokee,the Cherokee tribe,0.02738451695728378,5
Childress,5.846153846153846,6.0,7.015384615384615,2.6486571343578267,38,Childress,George C. Childress (1804-41),0.002723144711507313,5
Clay,2.3333333333333335,2.5,0.6666666666666667,0.816496580927726,39,Clay,Henry Clay (1825-29),0.0002587783717075663,5
Cochran,1.5,1.5,0.3333333333333333,0.5773502691896257,40,Cochran,Robert E. Cochran (1810-36),0.00012938918585378312,5
Coke,1.5,1.5,0.3333333333333333,0.5773502691896257,41,Coke,Richard Coke (1829-97),0.00012938918585378312,5
Coleman,9.148148148148149,6.0,32.58141160027952,5.7080129292319866,42,Coleman,Robert M. Coleman (1799-1837),0.01264704696278152,5
Collin,118.9588785046729,98.0,2465.8766984604354,49.65759456981817,43,Collin,Collin McKinney (1766-1861),0.9571733352888313,5
Collingsworth,1.6666666666666667,2.0,0.2666666666666667,0.5163977794943223,44,Collingsworth,James Collinsworth (1806-38),0.00010351134868302654,5
Colorado,12.182795698924732,11.0,36.324918186068274,6.027015694858299,45,Colorado,the Colorado River,0.014100154770901966,5
Comal,32.302904564315355,36.0,117.82869986168747,10.85489289959544,46,Comal,the Comal River,0.045737278635940536,5
Comanche,6.190476190476191,6.0,8.596980255516842,2.932060752357775,47,Comanche,the Comanche tribe,0.003337068828187118,5
Concho,2.6923076923076925,3.0,0.2307692307692307,0.4803844614152613,48,Concho,the Concho River,8.957712866800369e-05,5
Cooke,38.95652173913044,33.0,612.9762673248531,24.758357524780457,49,Cooke,William G. Cooke (1808-47),0.237937500530561,5
Coryell,31.581132075471697,29.0,261.3807032590052,16.1672725980298,50,Coryell,James Coryell (1803-37),0.10145950917771589,5
Cottle,2.0,2.0,0.0,0.0,51,Cottle,George Washington Cottle (1811-36),0.0,5
Crane,2.111111111111111,2.0,0.611111111111111,0.7817359599705715,52,Crane,William C. Crane (1816-85),0.00023721350739860242,5
Crockett,1.3333333333333333,1.0,0.2666666666666667,0.5163977794943223,53,Crockett,David Crockett (1786-1836),0.00010351134868302654,5
Crosby,1.4444444444444444,1.0,0.2777777777777778,0.5270462766947299,54,Crosby,Stephen Crosby (1808-69),0.0001078243215448193,5
Culberson,1.5,1.5,0.3333333333333333,0.5773502691896257,55,Culberson,David B. Culberson (1830-1900),0.00012938918585378312,5
Dallam,1.6666666666666667,2.0,0.2666666666666667,0.5163977794943223,56,Dallam,James W. Dallam (1818-47),0.00010351134868302654,5
Dallas,422.5777195905737,482.0,19113.94258917945,138.2531829260341,57,Dallas,George M. Dallas,7.419412410209642,4
Dawson,8.540983606557377,8.0,15.352459016393443,3.9182214098227583,58,Dawson,Nicholas M. Dawson (1800-42),0.005959326518954159,5
Deaf Smith,13.11320754716981,14.0,24.672776280323454,4.967169846132046,59,Deaf Smith,"Erastus ""Deaf"" Smith (1787-1837)",0.009577171306990751,5
Delta,1.75,2.0,0.21428571428571425,0.4629100498862757,60,Delta,the county's triangular shape,8.317876233457486e-05,5
Denton,83.99728997289972,97.0,629.4382558750955,25.08860808963095,61,Denton,John B. Denton (1806-41),0.2443275104187115,5
DeWitt,0.0,0.0,0.0,0.0,62,DeWitt,Green DeWitt (1787-1835),0.0,5
Dickens,1.5,1.5,0.3333333333333333,0.5773502691896257,63,Dickens,James R. Dimpkins (?-1836),0.00012938918585378312,5
Dimmit,3.142857142857143,3.0,2.439560439560439,1.5619092289760115,64,Dimmit,Philip Dimmitt (1801-41),0.0009469582173474676,5
Donley,1.9090909090909092,2.0,0.6909090909090909,0.8312094145936335,65,Donley,Stockton P. Donley (1821-71),0.00026818849431511417,5
Duval,2.3333333333333335,2.5,0.6666666666666667,0.816496580927726,66,Duval,Burr H. DuVal (1809-36),0.0002587783717075663,5
Eastland,20.565217391304348,16.0,220.36432878451288,14.844673414545463,67,Eastland,William M. Eastland (1806-1843),0.08553828327793053,5
Ector,122.03239740820734,135.0,2321.4086790029787,48.18099914907306,68,Ector,Matthew Ector (1822-79),0.9010955370303048,5
Edwards,1.0,1.0,0.0,0.0,69,Edwards,Hayden Edwards (1771-1849),0.0,5
Ellis,74.29874776386404,53.0,1521.1059303287361,39.00135805749251,70,Ellis,Richard Ellis (1781-1846),0.5904439737677897,5
El Paso,152.13556851311952,161.0,2983.3339053658406,54.61990393039739,71,El Paso,a local mountain pass,1.1580334354358204,5
Erath,13.043956043956044,16.0,49.1091575091575,7.007792627436795,72,Erath,George B. Erath (1813-91),0.01906258172422527,5
Falls,7.8474576271186445,8.0,11.20046756282876,3.346709960965957,73,Falls,falls on the Brazos River,0.00434765813740836,5
Fannin,15.434782608695652,19.0,53.52860411899312,7.316324495195188,74,Fannin,James W. Fannin (1805-36),0.02077806752053795,5
Fayette,6.148148148148148,6.0,5.298392732354997,2.30182378394937,75,Fayette,Lafayette (1757-1834),0.002056664165919044,5
Fisher,2.5,3.0,1.0,1.0,76,Fisher,Samuel Rhoads Fisher (1794-1839),0.00038816755756134944,5
Floyd,1.75,2.0,0.21428571428571425,0.4629100498862757,77,Floyd,Dolphin W. Floyd (1804-36),8.317876233457486e-05,5
Foard,3.0,3.0,0.0,0.0,78,Foard,Robert L. Foard (1831-98),0.0,5
Fort Bend,46.435,49.0,250.30654135338352,15.821079019883047,79,Fort Bend,blockhouse (small fort) on a river bend,0.09716087879877179,5
Franklin,4.771428571428571,5.0,6.181512605042016,2.4862647898086028,80,Franklin,Benjamin C. Franklin (1805-73),0.002399462649933854,5
Freestone,8.136363636363637,11.0,15.329809725158563,3.9153300914684785,81,Freestone,a stone used in masonry,0.005950534798895021,5
Frio,7.27027027027027,6.0,20.036036036036037,4.476163093100612,82,Frio,the Frio River,0.007777339171319291,5
Gaines,6.607142857142857,7.0,9.58831168831169,3.0964999093027097,83,Gaines,James T. Gaines (1776-1856),0.0037218715291888874,5
Galveston,110.82845188284519,99.0,2742.2867707945384,52.36684801278896,84,Galveston,the county seat,1.064466757952116,5
Garza,4.043478260869565,4.0,3.0434782608695645,1.7445567519772938,85,Garza,family of Jose Antonio de la Garza (1776-1851),0.0011813795230128023,5
Gillespie,11.674698795180722,10.0,41.807522774022935,6.4658737053876125,86,Gillespie,Robert A. Gillespie (1815-46),0.016228324002882974,5
Glasscock,1.0,1.0,0.0,0.0,87,Glasscock,George Washington Glasscock (1810-68),0.0,5
Goliad,1.8888888888888888,2.0,0.8611111111111112,0.927960727138337,88,Goliad,the county seat,0.0003342553967889398,5
Gonzales,11.366197183098592,10.0,33.26398390342051,5.767493728078125,89,Gonzales,the county seat,0.012911999386550781,5
Gray,14.929203539823009,14.0,58.887800252844514,7.673838690827721,90,Gray,Peter W. Gray (1819-74),0.02285833359430727,5
Grayson,75.79304897314375,60.0,1891.553622492851,43.491994924271424,91,Grayson,Peter W. Grayson (1788-1838),0.7342397496393728,5
Gregg,81.07283763277694,87.0,1485.0068446711675,38.535786545381,92,Gregg,John Gregg (1828-1864),0.5764314798578933,5
Grimes,5.679245283018868,6.0,2.9912917271407835,1.7295351187937131,93,Grimes,Jesse Grimes (1788-1866),0.0011611224036777083,5
Guadalupe,32.44394618834081,32.0,226.5182402133073,15.050522921590044,94,Guadalupe,the Guadalupe River,0.08792703204669454,5
Hale,17.454545454545453,12.0,71.38782318598831,8.449131504834583,95,Hale,John C. Hale (1806-36),0.027710436965726552,5
Hall,2.8666666666666667,3.0,0.8380952380952381,0.9154754164341269,96,Hall,Warren D.C. Hall (1788-1867),0.0003253213815752262,5
Hamilton,6.2,6.0,9.852631578947367,3.1388901826835816,97,Hamilton,James Hamilton Jr. (1786-1857),0.0038244719355518208,5
Hansford,1.5714285714285714,2.0,0.2857142857142857,0.5345224838248488,98,Hansford,John M. Hansford (?-1844),0.00011090501644609982,5
Hardeman,3.740740740740741,4.0,0.8148148148148153,0.9026709338484403,99,Hardeman,Bailey (1795-1836) and T.J. Hardeman (1788-1854),0.00031628467653147007,5
Hardin,13.535714285714286,13.0,16.250965250965255,4.031248597018702,100,Hardin,family of William Hardin (1801-39),0.006308097489481546,5
Harris,820.0714461085195,844.0,84890.43099059118,291.3596248463249,101,Harris,John R. Harris (1790-1829),32.95171125794806,1
Harrison,25.91304347826087,25.0,85.04917410290483,9.222210911864076,102,Harrison,Jonas Harrison (1777-1836),0.03301333018413454,5
Hartley,4.2,6.0,5.511111111111112,2.3475755815545347,103,Hartley,Oliver C. (1823-59) and Rufus K. Hartley,0.0021392345394492147,5
Haskell,4.870967741935484,3.0,7.116129032258064,2.667607360961891,104,Haskell,Charles R. Haskell (1817-36),0.002762250425743022,5
Hays,47.889952153110045,53.0,157.8967333310385,12.565696691033033,105,Hays,John C. Hays (1817-83),0.061290389324024926,5
Hemphill,3.0,3.0,1.1111111111111112,1.0540925533894598,106,Hemphill,John Hemphill (1803-62),0.0004312972861792772,5
Henderson,36.153284671532845,42.0,180.47458624100958,13.434083007076053,107,Henderson,James Pinckney Henderson (1808-58),0.0700543793430678,5
Hidalgo,202.144121987211,214.0,5523.235616268573,74.31847425955792,108,Hidalgo,Miguel Hidalgo (1753-1811),2.1439408790028267,5
Hill,28.20446096654275,25.0,128.46923375686623,11.334426926707245,109,Hill,George Washington Hill (1814-1860),0.04986758868918082,5
Hockley,8.54054054054054,6.0,19.950388744909294,4.466585804046453,110,Hockley,George Washington Hockley (1802-51),0.007744093671510876,5
Hood,46.00523560209424,56.0,603.6052356020942,24.568378774394013,111,Hood,John Bell Hood (1831-79),0.2342999700349078,5
Hopkins,28.427312775330396,29.0,234.03341000350855,15.298150541928543,112,Hopkins,family of David Hopkins (1825-1906),0.09084417714881579,5
Houston,11.430379746835444,13.0,17.453424212917884,4.177729552390614,113,Houston,Sam Houston (1793-1863),0.006774853047810452,5
Howard,13.47787610619469,12.0,50.18030973451329,7.0838061615570265,114,Howard,Volney E. Howard (1809-89),0.019478368267318028,5
Hudspeth,2.4285714285714284,2.0,0.28571428571428575,0.5345224838248488,115,Hudspeth,Claude B. Hudspeth (1877-1941),0.00011090501644609985,5
Hunt,39.90847457627119,44.0,462.69567623659646,21.510362066608653,116,Hunt,Memucan Hunt Jr. (1807-56),0.17960345053895654,5
Hutchinson,8.0,9.0,8.953846153846156,2.992297805006406,117,Hutchinson,Anderson Hutchinson (1798-1853),0.003475592592318545,5
Irion,1.0,1.0,0.0,0.0,118,Irion,Robert A. Irion (1804-61),0.0,5
Jack,2.9047619047619047,3.0,1.7904761904761908,1.3380867649282653,119,Jack,Patrick (1808-44) and William (1806-44) Jack,0.0006950047697288924,5
Jackson,6.333333333333333,4.0,9.306666666666667,3.0506829836393465,120,Jackson,Andrew Jackson (1767-1845),0.0036125460690376253,5
Jasper,9.333333333333334,8.0,20.760563380281692,4.556376123662498,121,Jasper,William Jasper (1750-79),0.008058577180921535,5
Jeff Davis,1.6666666666666667,2.0,0.3333333333333333,0.5773502691896257,122,Jeff Davis,Jefferson Davis (1808-89),0.00012938918585378312,5
Jefferson,90.0904033379694,95.0,1166.447247608681,34.15329043604263,123,Jefferson,Thomas Jefferson (1743-1826),0.4527769791284203,5
Jim Hogg,1.0,1.0,0.0,0.0,124,Jim Hogg,James S. Hogg (1851-1906),0.0,5
Jim Wells,6.0,6.0,7.5652173913043494,2.7504940267712543,125,Jim Wells,James B. Wells Jr. (1850-1923),0.0029365719572032527,5
Johnson,102.12581063553826,89.0,3858.1516835952666,62.11402163437227,126,Johnson,Middleton Tate Johnson (1810-66),1.4976093157223829,5
Jones,5.977777777777778,6.0,2.931313131313131,1.7121078036482198,127,Jones,Anson Jones (1798-1858),0.0011378406586293292,5
Karnes,3.4545454545454546,3.0,2.8311688311688314,1.6826077472687542,128,Karnes,Henry W. Karnes (1812-40),0.0010989678902386258,5
Kaufman,44.61336515513126,44.0,370.2903472610797,19.242929799307582,129,Kaufman,David S. Kaufman (1813-51),0.14373469968487723,5
Kendall,18.462184873949578,19.0,94.75915111807443,9.73443121697793,130,Kendall,George W. Kendall (1809-67),0.036782428246089766,5
Kenedy,3.0,3.0,0.0,0.0,131,Kenedy,Miflin Kenedy (1818-95),0.0,5
Kent,1.6666666666666667,2.0,0.3333333333333333,0.5773502691896257,132,Kent,Andrew Kent (179?-1836),0.00012938918585378312,5
Kerr,43.98026315789474,53.0,541.0887180823348,23.261313765183917,133,Kerr,Joseph Kerr (1790-1850),0.21003308612202146,5
Kimble,4.2,2.0,7.457142857142856,2.7307769694983985,134,Kimble,George C. Kimball (1803-36),0.0028946209292432055,5
King,0.0,0.0,0.0,0.0,135,King,William P. King (1820-36),0.0,5
Kinney,1.4,1.0,0.3,0.5477225575051661,136,Kinney,Henry Kinney (1814-62),0.00011645026726840483,5
Kleberg,11.080808080808081,10.0,18.401566687280965,4.289704731946124,137,Kleberg,Robert J. Kleberg (1803-88),0.007142891196304144,5
Knox,2.0,2.0,0.6666666666666666,0.816496580927726,138,Knox,Henry Knox (1750-1806),0.00025877837170756624,5
Lamar,41.724409448818896,43.0,329.1422710319107,18.14227855127108,139,Lamar,Mirabeau B. Lamar (1798-1859),0.12776235143665246,5
Lamb,5.711111111111111,5.0,5.710101010101011,2.3895817646820565,140,Lamb,George A. Lamb (1814-36),0.0022164759625195036,5
Lampasas,10.903614457831326,11.0,22.112547751983552,4.702398085230934,141,Lampasas,the Lampasas River,0.008583373652346163,5
La Salle,0.0,0.0,0.0,0.0,142,La Salle,Robert La Salle (1643-87),0.0,5
Lavaca,5.473684210526316,4.0,13.715504978662873,3.7034450149371563,143,Lavaca,the Lavaca River,0.005323914068288095,5
Lee,9.875,9.0,25.756329113924053,5.075069370355843,144,Lee,Robert E. Lee (1807-1870),0.009997771363898175,5
Leon,6.319148936170213,7.0,6.526364477335801,2.554675023821191,145,Leon,Martín De León (1765-1833),0.002533322958922591,5
Liberty,33.784615384615385,25.0,363.25844965844976,19.059340220963836,146,Liberty,the county seat,0.14100514516744286,5
Limestone,13.837606837606838,14.0,28.8958149130563,5.375482760930064,147,Limestone,the indigenous rock,0.01121641789854588,5
Lipscomb,2.142857142857143,2.0,0.8095238095238096,0.8997354108424375,148,Lipscomb,Abner S. Lipscomb (1789-1856),0.00031423087993061625,5
Live Oak,4.612903225806452,5.0,2.0451612903225804,1.4300913573344118,149,Live Oak,the indigenous tree,0.0007938652628835339,5
Llano,8.35,9.0,35.053846153846145,5.920628864727644,150,Llano,the Llano River,0.013606765844669761,5
Loving,0.0,0.0,0.0,0.0,151,Loving,Oliver Loving (1812-67),0.0,5
Lubbock,70.7207062600321,72.0,613.3398760277258,24.76569958688278,152,Lubbock,Thomas S. Lubbock (1817-62),0.23807864163266318,5
Lynn,2.090909090909091,2.0,0.4909090909090909,0.7006490497453707,153,Lynn,William Linn (?-1836),0.00019055498280284427,5
McCulloch,16.11864406779661,6.0,164.3822326125073,12.82116346563397,154,McCulloch,Benjamin McCulloch (1811-62),0.06380784973967855,5
McLennan,109.79098360655738,103.0,1804.030113493066,42.473875658963195,155,McLennan,Neil McLennan (1777?-1867),0.7002659629217274,5
McMullen,1.0,1.0,0.0,0.0,156,McMullen,John McMullen (1785-1853),0.0,5
Madison,8.5625,9.0,20.770161290322577,4.557429241395041,157,Madison,James Madison (1751-1836),0.0080623027782198,5
Marion,4.75,5.0,5.225806451612903,2.286002286003429,158,Marion,Francis Marion (1732-95),0.0020284885266109226,5
Martin,3.0,3.0,1.1428571428571428,1.0690449676496976,159,Martin,Wylie Martin (1776-1842),0.0004436200657843993,5
Mason,3.3333333333333335,4.0,0.9696969696969696,0.9847319278346618,160,Mason,the county seat,0.00037640490430191454,5
Matagorda,13.575757575757576,14.5,20.67360629192692,4.546823758617318,161,Matagorda,the once-indigenous canebrakes,0.008024823260322219,5
Maverick,5.3478260869565215,4.0,9.328063241106717,3.054187820207971,162,Maverick,Samuel Maverick (1803-70),0.0036208515250781993,5
Medina,6.235294117647059,5.0,12.24598930481283,3.4994269966399973,163,Medina,the Medina River,0.004753495758371604,5
Menard,2.5,3.0,1.0,1.0,164,Menard,Michael B. Menard (1805-56),0.00038816755756134944,5
Midland,65.25337837837837,76.0,525.1032034572639,22.915130448183444,165,Midland,the county seat,0.20382802795364646,5
Milam,14.97037037037037,15.0,23.596130458817036,4.857584838046273,166,Milam,Ben Milam (1788-1835),0.009159252328097972,5
Mills,8.444444444444445,12.0,26.849673202614376,5.18166702930769,167,Mills,John T. Mills (1817-71),0.010422172068379237,5
Mitchell,4.0,3.5,2.903225806451613,1.7038855027411945,168,Mitchell,Asa (1795-1865) and Eli (1797-1870) Mitchell,0.0011269380703394017,5
Montague,5.222222222222222,5.0,7.092063492063493,2.6630928433052223,169,Montague,Daniel Montague (1798-1876),0.0027529089637843007,5
Montgomery,196.9957401490948,218.0,5751.079363836551,75.83587122092388,170,Montgomery,the county seat,2.2323824300019135,5
Moore,6.3125,7.0,6.544354838709678,2.5581936671623744,171,Moore,Edwin W. Moore (1810-65),0.0025403062335567347,5
Morris,4.521739130434782,5.0,2.7884057971014498,1.6698520285047564,172,Morris,William W. Morris (1805-83),0.0010823686677507774,5
Motley,3.4,4.0,1.8,1.3416407864998738,173,Motley,Junius W. Mottley (1812?-36),0.0006987016036104289,5
Nacogdoches,28.42105263157895,36.0,160.13030373290044,12.654260299713313,174,Nacogdoches,the county seat,0.062157388891557,5
Navarro,39.24221453287197,37.0,559.9966839677049,23.66424906832467,175,Navarro,Jose Antonio Navarro (1795-1871),0.21737254505819892,5
Newton,3.782608695652174,3.0,5.723320158102767,2.392346161846727,176,Newton,John Newton (1755-80),0.002221607206912387,5
Nolan,10.408450704225352,10.0,26.816498993963783,5.178464926400852,177,Nolan,Philip Nolan (1771-1801),0.010409294916833307,5
Nueces,53.0545073375262,63.0,281.4129890950092,16.77536852337406,178,Nueces,the Nueces River,0.10923539264304839,5
Ochiltree,5.9743589743589745,6.0,4.657219973009448,2.1580593071112406,179,Ochiltree,William B. Ochiltree (1811-67),0.0018077817019490111,5
Oldham,5.4,7.0,6.71111111111111,2.590581230363393,180,Oldham,William S. Oldham (1813-68),0.0026050356085228336,5
Orange,49.75085324232082,44.0,824.6740146804436,28.71713799598497,181,Orange,an orange grove planted by settlers,0.32011169806282025,5
Palo Pinto,24.28813559322034,22.0,109.80855161787359,10.47895756351144,182,Palo Pinto,the Palo Pinto Creek,0.04262411728085935,5
Panola,5.7555555555555555,5.0,7.097979797979798,2.664203407771223,183,Panola,"Choctaw for ""cotton""",0.0027552054818016187,5
Parker,71.05204460966543,81.0,1264.8501727205385,35.56473214745949,184,Parker,Isaac Parker (1793-1883),0.49097380222598236,5
Parmer,4.142857142857143,4.0,1.9285714285714288,1.3887301496588274,185,Parmer,Martin Parmer (1778-1850),0.000748608861011174,5
Pecos,4.333333333333333,5.0,3.623188405797102,1.9034674690672027,186,Pecos,the Pecos River,0.0014064041940628604,5
Polk,23.158730158730158,22.0,104.7512664640324,10.23480661585906,187,Polk,James K. Polk (1795-1849),0.04066104325480155,5
Potter,67.96153846153847,65.0,590.3291764415353,24.296690647936714,188,Potter,Robert Potter (1800-42),0.22914663457651363,5
Presidio,1.0,1.0,0.0,0.0,189,Presidio,Presidio del Norte,0.0,5
Rains,5.909090909090909,6.0,5.8977272727272725,2.4285236817307903,190,Rains,Emory Rains (1800-78),0.0022893063906175037,5
Randall,31.993006993006993,27.0,151.88065268065262,12.323986882525176,191,Randall,Horace Randal (1833-64),0.058955141991872545,5
Reagan,2.0,2.0,1.2000000000000002,1.0954451150103324,192,Reagan,John H. Reagan (1818-1905),0.0004658010690736194,5
Real,2.0,2.0,0.0,0.0,193,Real,Julius Real (1860-1944),0.0,5
Red River,5.842105263157895,5.0,8.785206258890467,2.963984861447586,194,Red River,the Red River,0.0034101320561861926,5
Reeves,6.17948717948718,5.0,10.940620782726045,3.3076609231791045,195,Reeves,George R. Reeves (1826-82),0.004246794047435708,5
Refugio,1.75,2.0,0.19999999999999993,0.44721359549995787,196,Refugio,the county seat,7.763351151226986e-05,5
Roberts,0.0,0.0,0.0,0.0,197,Roberts,brothers Oran M. Roberts (1815-98) and John S. Roberts (1796-1871),0.0,5
Robertson,6.245901639344262,6.0,5.355191256830603,2.3141286171755024,198,Robertson,Sterling C. Robertson (1820-79),0.0020787115104378283,5
Rockwall,56.0,53.0,715.3129102844644,26.745334364790885,199,Rockwall,the county seat,0.2776612652772212,5
Runnels,8.0,7.0,23.999999999999993,4.898979485566356,200,Runnels,Hardin R. Runnels (1820-73),0.009316021381472382,5
Rusk,16.952,20.0,37.739612903225805,6.143257515620341,201,Rusk,Thomas Jefferson Rusk (1803-57),0.014649293363955948,5
Sabine,4.217391304347826,5.0,5.086956521739131,2.255428234668337,202,Sabine,the Sabine River,0.001974591488464256,5
San Augustine,2.5384615384615383,3.0,1.6025641025641022,1.2659242088545832,203,San Augustine,the county seat,0.0006220633935278034,5
San Jacinto,13.968421052631578,13.0,40.37133258678613,6.353843922129826,204,San Jacinto,the battle of San Jacinto,0.01567084156570969,5
San Patricio,19.711409395973153,19.0,86.0715581353165,9.27747584935237,205,San Patricio,the county seat,0.0334101864968855,5
San Saba,3.235294117647059,4.0,2.3161764705882355,1.5218989685876771,206,San Saba,the San Saba River,0.000899064563469302,5
Schleicher,1.0,1.0,0.0,0.0,207,Schleicher,Gustav Schleicher (1823-79),0.0,5
Scurry,3.0,3.0,2.0,1.4142135623730951,208,Scurry,William R. Scurry (1821-64),0.0007763351151226989,5
Shackelford,1.0,1.0,0.0,0.0,209,Shackelford,Jack Shackelford (1790-1857),0.0,5
Shelby,6.593220338983051,6.0,8.107539450613675,2.8473741325322313,210,Shelby,Isaac Shelby (1750-1826),0.003147083786376995,5
Sherman,1.0,1.0,0.0,0.0,211,Sherman,Sidney Sherman (1805-73),0.0,5
Smith,123.43884220354809,119.0,3374.852097349845,58.09347723582954,212,Smith,James Smith (1792-1854),1.3100080957590867,5
Somervell,5.222222222222222,5.0,4.863492063492065,2.2053326423676007,213,Somervell,Alexander Somervell (1796-1854),0.0018878498355047223,5
Starr,10.066666666666666,10.5,27.724293785310742,5.2653863851868214,214,Starr,James H. Starr (1809-90),0.010761671403757368,5
Stephens,3.782608695652174,3.0,5.177865612648222,2.2754923890552177,215,Stephens,Alexander H. Stephens (1812-83),0.0020098794482425603,5
Sterling,1.4,1.0,0.3,0.5477225575051661,216,Sterling,W.S. Sterling (?-1881?),0.00011645026726840483,5
Stonewall,1.0,1.0,0.0,0.0,217,Stonewall,Stonewall Jackson (1824-63),0.0,5
Sutton,2.7142857142857144,4.0,2.5714285714285716,1.6035674514745464,218,Sutton,J. S. Sutton (1817?-62),0.0009981451480148987,5
Swisher,2.3846153846153846,2.0,0.42307692307692313,0.6504436355879909,219,Swisher,James G. Swisher (1794-1862),0.00016422473589134017,5
Tarrant,607.2389724522562,567.0,53357.99731118194,230.99350058212016,220,Tarrant,Edward H. Tarrant (1799-1858),20.711843492646544,2
Taylor,89.02695417789758,92.5,1749.9722819385158,41.83267003119112,221,Taylor,"Edward (1812-36), James (1814-36), and George (1816-36) Taylor",0.6792824664801349,5
Terrell,3.3333333333333335,4.0,1.0666666666666667,1.0327955589886444,222,Terrell,Alexander W. Terrell (1827-1912),0.00041404539473210603,5
Terry,10.464788732394366,10.0,21.252313883299802,4.610023197696494,223,Terry,Frank Terry (1821-61),0.00824945877260764,5
Throckmorton,2.8461538461538463,3.0,0.8076923076923078,0.8987170342729172,224,Throckmorton,William E. Throckmorton (1795-1843),0.00031351995033801304,5
Titus,11.337078651685394,12.0,31.453268641470903,5.608321374660238,225,Titus,Andrew J. Titus (1814-55),0.012209138465880745,5
Tom Green,93.45086705202313,88.0,2990.7862944714443,54.68808183207237,226,Tom Green,Tom Green (1814-64),1.1609262111129393,5
Travis,190.51929092805005,214.0,4220.80687857886,64.96773721301105,227,Travis,William B. Travis (1809-36),1.6383802969960992,5
Trinity,8.157894736842104,8.0,9.885338345864657,3.144095791458119,228,Trinity,the Trinity River,0.0038371676413818338,5
Tyler,4.878787878787879,5.0,0.6723484848484849,0.8199685877205815,229,Tyler,John Tyler (1790-1862),0.00026098386919371034,5
Upshur,14.492063492063492,17.0,21.771936507936516,4.666040774354261,230,Upshur,Abel P. Upshur (1790-1844),0.008451159417666493,5
Upton,2.142857142857143,2.0,0.8095238095238096,0.8997354108424375,231,Upton,John C. (1828-1862 and William F. (1832-87) Upton,0.00031423087993061625,5
Uvalde,8.444444444444445,8.0,24.02539682539683,4.90157085283859,232,Uvalde,Uvalde Canyon,0.009325879605156486,5
Val Verde,13.81904761904762,16.0,27.438095238095247,5.238138527959646,233,Val Verde,the Battle of Valverde,0.010650578412707125,5
Van Zandt,18.88095238095238,20.0,43.949814656401486,6.629465638828026,234,Van Zandt,Isaac Van Zandt (1813-47),0.017059892210449363,5
Victoria,31.745644599303137,31.0,138.12738481031155,11.752760731432915,235,Victoria,the county seat,0.053616569594155276,5
Walker,12.270588235294118,12.0,43.43781512605041,6.590737070013521,236,Walker,Samuel H. Walker (1817-47),0.016861150603280427,5
Waller,11.819277108433734,12.0,32.88157508081106,5.734245816217776,237,Waller,Edwin Waller (1800-81),0.01276356068788856,5
Ward,5.7407407407407405,7.0,5.122507122507122,2.2632956330331933,238,Ward,Thomas W. Ward (1807-72),0.001988391078334206,5
Washington,9.939759036144578,10.0,14.057302380252715,3.749306919985708,239,Washington,George Washington (1732-99),0.00545658873084404,5
Webb,16.62295081967213,20.0,62.91451022896625,7.931866755623562,240,Webb,James Webb (1792-1856),0.024421371770746363,5
Wharton,8.09375,8.5,10.848214285714285,3.2936627462012993,241,Wharton,William H. (1802-39) and John A. (1828-65) Wharton,0.004210924843187853,5
Wheeler,6.379310344827586,4.0,23.81527093596059,4.880089234426005,242,Wheeler,Royall T. Wheeler (1810-1864),0.009244315551873616,5
Wichita,62.38691588785047,66.0,701.5747348524618,26.48725608386912,243,Wichita,the Wichita tribe,0.2723285512744314,5
Wilbarger,12.466666666666667,12.0,30.656179775280894,5.536802305959722,244,Wilbarger,Josiah P. (1801-45) and Mathias (1807?-53) Wilbarger,0.011899734427532421,5
Willacy,2.7142857142857144,3.0,0.8142857142857143,0.9023778112773575,245,Willacy,John G. Willacy (1859-1943),0.00031607929687138455,5
Williamson,65.43432574430823,52.0,1283.7654161673884,35.82967228663121,246,Williamson,Robert A. Williamson (1804?-59),0.49831608607542444,5
Wilson,10.88888888888889,11.0,30.438184663536774,5.51708117246219,247,Wilson,James C. Wilson (1816-61),0.011815115797446395,5
Winkler,5.171428571428572,6.0,4.205042016806722,2.0506199103702083,248,Winkler,Clinton M. Winkler (1821-82),0.0016322608891067162,5
Wise,22.29943502824859,22.0,126.38142013353878,11.241949125197943,249,Wise,Henry A. Wise (1806-76),0.0490571671743705,5
Wood,16.65,13.0,81.0529411764706,9.002940696043188,250,Wood,George T. Wood (1795-1858),0.03146212220963432,5
Yoakum,2.0,2.0,0.8571428571428571,0.9258200997725514,251,Yoakum,Henderson K. Yoakum (1810-56),0.0003327150493382995,5
Young,8.62962962962963,6.0,29.294199860237597,5.412411649185379,252,Young,William C. Young (1812-62),0.011371058010462452,5
Zapata,1.0,1.0,0.0,0.0,253,Zapata,Antonio Zapata y Cisneros (1800-40),0.0,5
Zavala,3.923076923076923,3.0,4.41025641025641,2.1000610491736684,254,Zavala,Lorenzo de Zavala (1788-1836),0.0017119184589885152,5
