,CountyName,2017 % Change,2018 % Change,2019 % Change,2020 % Change,2021 % Change,2022 % Change,Total Change,2023-03-31,Score
0,Anderson,0.015320515332352978,0.02663481694928498,0.07233404254814403,0.1011932809649831,0.17589039133796777,0.11269962962444859,0.6218552962768005,175981.44198949204,3
1,Andrews,-0.0018023589136667985,0.05363011200001649,0.12324329062774246,0.061747457512526985,0.066291860730861,-0.0244408427629672,0.32105081774768696,198874.46706246943,1
2,Angelina,0.012615858578903722,0.021743031514616717,0.13528681768102938,0.08569820248391206,0.1582198084652889,0.0006452021311491954,0.5050889456469224,161055.55123288717,2
3,Aransas,0.03245895958894258,0.03449460360870409,0.06523785376036581,0.10967178179727027,0.17812376981980532,0.09145385115942006,0.6089196099407759,286760.47938561725,3
4,Archer,-0.0017257401056160273,0.09454875218357782,0.04847148220822744,0.11401121289193542,0.11266547374172499,0.08277844983386426,0.5696197883944023,144530.0510529762,3
5,Armstrong,0.015648919336034052,0.04507351271022462,0.06276683833470423,0.04024905313840991,0.2224126563986127,-0.01976735009871848,0.49731519572886995,159438.8270770352,2
6,Atascosa,0.06905737645094912,0.021305143221735184,0.08090811934159096,0.10120425704017652,0.15781192159808383,0.02666104594745428,0.5846673647486071,240943.00928011612,3
7,Austin,0.03023660940087106,0.05155721917583883,0.04009350228326671,0.0879918630821976,0.20564240950851762,0.05673574948896809,0.587917013635793,359672.8935819301,3
8,Bailey,0.0008150259974407432,0.03823958159605904,0.03933379541828265,0.10994296491377437,0.14201690842256537,0.0019567702138999143,0.4415664393465433,92408.11669229368,2
9,Bandera,0.022928122787341784,0.15573968491230558,0.019730124514718072,0.12539783272183935,0.21865872662887118,0.11439571789637137,0.8771632342962791,374074.6235741446,5
10,Bastrop,0.044024398812661056,0.07523142701985694,0.04145310124578395,0.13592981792823278,0.28809049243673795,0.1404670315390242,0.9278081698222141,410011.2340993892,5
11,Baylor,0.03181164805978965,0.08254763641072853,-0.01381273641323562,0.11317378203058778,0.19376025073786918,-0.0592736066640509,0.6976120590433621,65294.49016324143,4
12,Bee,0.05240158537275759,0.04518780555088511,0.10383859785658052,0.030657814883794696,0.09584362991036408,-0.02187029849283215,0.41012204790044116,132148.99954056766,2
13,Bell,0.04305668322787588,0.0885963740466071,0.06469585691678595,0.1243352337342324,0.21408668283949653,0.1279012768343134,0.8842368678616164,254551.5074921299,5
14,Bexar,0.04576138820248713,0.07006029103057343,0.044949440117265656,0.09735032732179054,0.12146736625367503,0.09721659495304204,0.6004410092559272,300331.3899586621,3
15,Blanco,0.06128243027827349,0.07540361211542547,0.07197016789216189,0.15089337331838984,0.33891898284132455,0.12865955851325017,1.1771201822525177,611071.863142877,5
16,Bosque,0.06250486779450773,0.09073854799933724,0.07345958032110732,0.13648756700126535,0.25804144127487927,0.10262842080354992,1.1130343390929678,191232.85306860792,5
17,Bowie,0.02827022009889982,0.03787698705321599,0.056275016498228386,0.0892400768626907,0.16461645159796542,0.0513638826851213,0.5479173950672288,149951.27536524707,3
18,Brazoria,0.03167121524598879,0.042285251642097975,0.04280314346643031,0.05420271869555071,0.13985948410025698,0.0567103018094523,0.4338440736491207,267369.010785898,2
19,Brazos,0.024544056055767427,0.03996906537286858,0.0030094927605087605,0.06323581633989155,0.1016365256346782,0.08757393554057226,0.3989898302407444,271750.1973750369,2
20,Brewster,0.03106486304477367,0.0447945763345532,0.04330614705345696,0.07800904587796337,0.15855942989877028,0.08785131820529339,0.5300371218032808,231669.2153465801,3
21,Brown,0.04454758801309998,0.0763464695441169,0.05525015060767143,0.11282832611086131,0.19176493900824326,0.01725866695739639,0.6180212575315596,194956.46407941,3
22,Burleson,0.09540171827319618,0.0826715830215769,0.05620195830710184,0.0825208773577699,0.23593259013418955,-0.08175059418063498,0.6729859318979303,194048.4904712371,4
23,Burnet,0.04163157243694797,0.06541256506643288,0.12643581819602412,0.14635150218350274,0.2951780345024588,0.11663157201611722,1.0793904068251934,422992.7604322484,5
24,Caldwell,0.06414363174496596,0.064011652856546,0.0637909743026452,0.11578720144976083,0.2423246802298706,0.1306978724606615,0.881618097280501,307001.9028490612,5
25,Calhoun,0.010789689738180846,0.06308838463997467,0.06838747270060118,0.07008914309561337,0.1353571803158089,0.07931560818293523,0.5190406438053706,224618.57530636698,2
26,Callahan,0.0290585691142788,0.10646998112913349,0.04796520326250795,0.07900360819981915,0.17682198974485755,-0.060309617181937315,0.5976638919290208,120192.18691593112,3
27,Cameron,0.008579996666330648,0.005028782729205035,0.006844443582324638,0.12927108204445079,0.18216999407592996,0.08967806449537485,0.5747564744935681,152879.46080105155,3
28,Camp,0.06904045776918832,0.1139059057268917,0.015069716037705173,0.08516943938412097,0.31846194057184485,0.02935326235030718,0.8560570069886873,201528.45264907507,5
29,Carson,0.019462303363487393,0.07741450245100825,0.0062008770551888895,0.06771162424063838,0.1713177127590413,0.05780651449311922,0.4890963213825769,166620.39830202272,2
30,Cass,0.040624760807223534,0.0046592967779622305,0.0747306859511928,0.09013336705362412,0.2982842135552062,-0.031195672033479237,0.5964478780309198,130284.78071586484,3
31,Castro,0.028925575002861786,0.029132231135571996,0.02929446695743774,-0.09605523262640091,0.19244624580725336,0.00470678450307505,0.2088710865624224,126212.947380007,1
32,Chambers,0.02732282388126538,0.03882591339832558,0.05536770755580459,0.07591604591017698,0.10350997925189863,0.03944912815475427,0.44150796345441945,262650.3176487782,2
33,Cherokee,-0.0015877385462877251,0.038007776018599414,0.10076665507393635,0.1487550259481815,0.18849033514385527,0.07339376804656828,0.6869046998717466,200092.95903299018,4
34,Childress,-0.03798120379645382,0.08951871884125619,0.0874455106656606,0.12226470316428,0.14021000438538656,0.03042084880345291,0.6498604842685779,74800.2522886833,4
35,Clay,0.0014829836225095775,0.132252584185902,0.05434395391630952,0.07570682758617,0.18045410322132638,0.07945244066738101,0.7437778709134549,134665.72197030068,4
36,Coleman,0.009757930847360848,0.07415293156184188,-0.008597941417724683,0.12879910426004101,0.14002874001250293,-0.03472421974032156,0.45539314448614826,62311.15461840528,2
37,Collin,0.028560669904718186,0.01988818357054775,0.004291700737595243,0.06852674843458399,0.1843491545598326,0.09311653598776765,0.4474852122804146,515859.2635220999,2
38,Collingsworth,0.004372551485812037,-0.013132110246406516,-0.027094819052884057,0.06310985514161128,0.07994844361111705,-0.01121318697422901,0.1658281495467843,62036.11240433482,1
39,Colorado,0.06937129380543057,0.03193445563707495,0.0838577240923453,0.11233567272137669,0.22210336018112073,-0.03769158678965758,0.7336907526222097,190528.65174504067,4
40,Comal,0.04041091933182918,0.03541665571871861,0.0611401217913335,0.10508865207188935,0.2249767447695057,0.11079184833288912,0.7102151722296511,478869.1032608035,4
41,Comanche,0.06732825869784528,0.02986554861482464,0.07716617800720862,0.11405366582878049,0.28026247350847716,0.06128520768202625,0.8811307077876424,158304.55979942993,5
42,Cooke,0.08660636473480728,0.06798032243400713,0.08191399158776656,0.10387142034120429,0.20320242903817842,0.08232392106064147,0.8462995901273264,289316.9326417648,5
43,Coryell,0.04662857115691956,0.08139365364346851,0.06794080184837113,0.14659000300673444,0.20744037303885696,0.13698419833535683,0.9414860025935438,218263.22318221827,5
44,Crane,0.10753836565923569,0.09990131062495895,0.08092095197068919,0.07204295052795241,0.17293689115350244,-0.001451949711191766,0.6890109953394927,142549.2969277528,4
45,Crosby,0.036050100588561104,0.11557717753153826,0.03610736761667519,0.051540315063223666,0.032747594053700986,-0.11626392747693279,0.2524030550228818,63657.57807115106,1
46,Dallas,0.05585551031235502,0.09360877774843882,0.045470262100049154,0.08190034971925235,0.13766976118225976,0.13077228967743817,0.6897057680482247,396624.21920519,4
47,Dawson,0.03951148737018217,0.003203308223427692,0.10258808505856806,0.17065829621945355,0.01936165695452822,-0.09918465345052468,0.3572664022445676,69586.47605543777,1
48,De Witt,0.004955201029670166,0.08809978066766232,0.09862726163531076,0.05130400162042864,0.17662972250128953,-0.0021694072759844466,0.5757883346862817,157294.68730117028,3
49,Deaf Smith,0.018998857278705598,0.13390158894814716,0.12687454373706172,0.13759468822784796,0.17248199885875595,0.009582642835245622,0.8064890044745723,133153.57189387342,4
50,Delta,0.06985377117176954,-0.0031772413968600283,0.10332625896269394,0.11615133188514946,0.3180875769188386,0.1356357951834947,1.0319833880452614,148742.29098302056,5
51,Denton,0.0410371909921931,0.04350674887076274,0.018585720198375098,0.07260428051229667,0.1595461027983346,0.10598105475318464,0.5085264539055534,443973.99304651463,2
52,Dimmit,-0.01389145459794912,0.029092858485092063,0.058563280554185894,0.0543613191929465,0.06496058566319309,-0.041308147639284934,0.2702191063328595,97583.15090934411,1
53,Eastland,0.017360800931824003,0.0888843304005467,0.0719926782358142,0.10194213090419374,0.2559568343048517,0.056042088214580746,0.8748233505394538,120350.19601826495,5
54,Ector,0.024405334216265596,0.11124809386971293,0.16420257629540097,0.042922179019979176,-0.00663401066719573,-0.020649980548013053,0.37407349299026865,218684.0950059486,1
55,El Paso,0.008752314625766455,0.03246340433283557,0.050726001654965575,0.09189332565483534,0.13280344337069963,0.11477383926171869,0.5607580810344072,194372.38938864466,3
56,Ellis,0.06416331933851369,0.08433823590522017,0.0631631443785085,0.09798419949389794,0.2047730458186379,0.06863500265219397,0.7760415336426553,311102.60347762104,4
57,Erath,0.03428731634726853,0.13001954163983998,0.07102965684855014,0.09279760164577097,0.24167579839034942,0.11691134866930511,0.9412430943140315,294124.63015674765,5
58,Falls,0.032340521762565015,0.15240541253178555,0.05689849291266207,0.18953961044920453,0.16639524430033495,-0.06143212822361591,0.9189454931130475,102006.97126146458,5
59,Fannin,0.07105389846911064,0.09675373003567174,0.09457606897910978,0.09774867472685657,0.236921093349061,0.10629605611391015,0.9618644335196833,252807.30322522804,5
60,Fayette,0.047748970082097476,0.07110385745861154,0.07317816640796909,0.16171369867140356,0.23688441268220403,0.09449501351457013,1.0149133205750447,496056.1922107698,5
61,Floyd,0.02287404986138655,0.013547768296437508,0.02168079432815922,0.1323514316124502,-0.12642526990098646,-0.044061283557565965,0.15013918159827855,51395.70585338524,1
62,Fort Bend,0.022862464596520846,0.04772724109085173,0.03301134431376654,0.05782719018452198,0.15621857471921405,0.10640682810841658,0.4957283457624311,350742.56275661447,2
63,Franklin,0.07911947681444771,0.04893176631217624,0.07055364401708135,0.12795069637128653,0.2754130134470232,0.07384131414814957,0.8593358136553184,372493.53025561984,5
64,Freestone,0.027567740778036635,0.03887964891736859,0.08051584979656701,0.13076539567540305,0.2450924039142649,0.06796837386629496,0.7608362345738651,208994.18935198575,4
65,Gaines,0.0094957474039002,0.10020912600190009,-0.011893188451625201,0.050432056234963635,0.08894945072099768,0.034875796661709146,0.30290044471418576,204940.4115677784,1
66,Galveston,0.057987566181432415,0.05018600388423766,0.04339531657021064,0.09804931942838467,0.18661824357649998,0.09886619662066151,0.660564780926269,309871.7077432287,4
67,Garza,0.08219269176641159,0.00982761240828564,0.034177231527455804,0.08917826133458887,0.07689034112293354,-0.1327942792651794,0.31101245595431093,61983.643163738736,1
68,Gillespie,0.08302289438956277,0.06483280677737982,0.00764378411940847,0.11902057801155759,0.30485746220819465,0.02763655351902807,0.7508299364327271,442702.1647726724,4
69,Goliad,-0.042309589908755225,0.14903423117462902,0.06803604609045491,0.0416684761202092,0.239485951990239,-0.1562965914836725,0.4605048033924028,188475.2916791757,2
70,Gonzales,0.017559162830688056,0.08867252841945295,0.09218547452511608,0.08819413081654076,0.18342912786141047,0.018437224477364456,0.763495585451956,151171.07857169965,4
71,Gray,-0.017004319024240436,0.002727528128595906,0.08361139167185574,0.023686538924901145,0.11004919552827044,-0.005774679185566055,0.25463688217087227,68418.60569254741,1
72,Grayson,0.09323259252064432,0.08368503216352914,0.050187490358632486,0.10574133957442326,0.2104370803615594,0.13111282163937124,0.9363273656513821,312239.95543962304,5
73,Gregg,0.0006264912418514881,0.11483014126494102,0.07848440213332104,0.010016246444335108,0.09387742950584826,0.09471301070744209,0.5003445659420691,199981.53190850947,2
74,Grimes,0.022420353249045285,0.05848665437681851,0.07192708599711586,0.11416178638603838,0.2122145338634801,0.10233836251100815,0.7232969750093114,338201.9749391788,4
75,Guadalupe,0.028872283581997886,0.035740325383458164,0.032764263398375106,0.0535484458247986,0.2441625503820965,0.060814374202472155,0.5336484327730838,351283.2082073613,3
76,Hale,0.029417806628661055,0.01931675420470257,0.07199752930681667,0.09206673601084574,0.08702983812357486,0.03602603940913229,0.3941247482664187,104942.22573015945,2
77,Hall,0.018437510006906254,0.05817624545486589,-0.06691084489582635,0.0339467016357806,0.0317915958693128,0.045104179189187195,0.23664550948332727,54003.33059764126,1
78,Hamilton,0.03896839274586783,0.035219155832724204,0.06925008161134662,0.10160336545466338,0.40339965661037736,0.0022223580594563364,0.8980481416634909,192112.66851610428,5
79,Hansford,0.04594938789537182,0.011226065680237462,-0.037819989345843415,0.05389334749390602,0.15133557472136633,-0.06394292920095113,0.22034467759062545,103453.67243690132,1
80,Hardin,0.03238324326583022,0.02711085120533966,0.13229541689569865,0.029555765067085533,0.10777150936275288,0.0048336014550670915,0.39401152496718866,206479.66710232745,2
81,Harris,0.0312917031412797,0.06439914531560892,0.0535250911830261,0.07066644901956878,0.11033415993707536,0.12161493465888801,0.543395279541361,307342.3694948698,3
82,Harrison,-0.007761310116471157,0.05366537306015731,0.03702577940872851,0.0031364920384835526,0.1213006635838995,0.04470314573025763,0.33898564408148923,213741.7968141382,1
83,Hartley,0.07114020749333336,0.039219847733346545,0.058961425578513256,0.09269612194493988,0.15002135819037724,-0.0031376972583286858,0.493913690257283,158545.60353960653,2
84,Haskell,-0.012569299037668864,0.027264316367309166,0.046886359928976246,0.010150437783472074,0.21512366007960773,0.013465366117449888,0.36770971429278804,77840.09885290053,1
85,Hays,0.035923710960388426,0.03227995177795843,0.048110786084334334,0.11981191488365191,0.28881814010039797,0.07450191512423696,0.7017151731108989,598365.8287493925,4
86,Hemphill,0.0006358945592863022,0.03131482783940815,0.022203740461348282,0.040880745700988284,0.07048520612147371,-0.07596946660981793,0.11515560779516933,135213.85758000848,1
87,Henderson,0.04818523384643214,0.08850717688180253,0.025143502335005195,0.13419997462954014,0.24263936791175356,0.0839696849594845,0.8318963089380134,257392.71734790114,5
88,Hidalgo,0.0031288893728398538,0.08204868933811388,0.06577242860511376,0.1624621857547031,0.10946375516231978,0.1922803241853412,0.7918051959035821,152412.79428069768,4
89,Hill,0.09114372223735925,0.09973584062473743,0.08155039928681386,0.1495748127470126,0.24842983208329214,0.0339574919595897,1.0079863343206121,187208.91047777902,5
90,Hockley,0.015484138511696385,0.034129039066350945,0.08311654485127488,0.07853521286766083,0.11869770981298411,0.011111124589439919,0.4137693088854383,177034.3505178326,2
91,Hood,0.0456632483953072,0.07446407539867966,0.05533889121900446,0.11178029403450902,0.2484074448105289,0.07096163161851403,0.7952931682518882,385097.97731983056,4
92,Hopkins,0.025078801440223505,0.09373640542792745,0.10028888773304073,0.15070906339518184,0.18105044675880974,0.033277019276619184,0.7916284192384042,209064.6199965058,4
93,Houston,0.01878765131143164,0.07826759071115821,0.04914297637092172,0.0981929006024405,0.3042835707994099,0.021314072132073526,0.7539822521546747,192704.0971284282,4
94,Howard,0.02264488673923114,0.13698967077718455,0.011701539799600062,0.0817133317102467,0.006864384059941581,-0.05253474218048414,0.2631910110718101,136647.18275254176,1
95,Hunt,0.08970157044722524,0.11368357547055206,0.11674165493865116,0.11327356891376451,0.2501144637935121,0.09395308150686801,1.083037740454218,249627.58006262514,5
96,Hutchinson,-0.014559680367070359,0.04167365669785251,0.027513674599568983,0.05933833991352341,0.10889604148661326,0.00956711857919492,0.29876491508882874,91757.63508144749,1
97,Irion,0.004259987154954029,0.033680863152610624,0.05942799749732549,0.07811043817556282,0.1515266050646405,-0.016018641829144017,0.4145134662669633,199877.45780393577,2
98,Jack,0.07333931501099537,0.031856728129054955,0.05146391000192932,0.10336059754223391,0.15830358520271054,0.038817691678636725,0.7365809338217091,121353.34686924468,4
99,Jackson,0.014163207168338847,0.05521933065704593,0.10604897627503318,0.11934203673630456,0.19277276857772974,-0.06070869349617608,0.5135171608230332,169395.89804826284,2
100,Jasper,0.01748568134780907,0.05971658034308203,0.07351791121874217,0.04229445307799362,0.21398120961083014,0.021029880926566893,0.4943851237612131,170092.6319382926,2
101,Jefferson,0.05127535808963551,0.07643418447520492,0.08653761769685145,0.06200873981782919,0.06332322289228035,0.020995859092877243,0.48177680504124165,144879.31281486756,2
102,Jim Hogg,0.1369449638197768,0.044213778267220144,0.031123865634835136,0.12352013408351849,-0.11595204083753947,-0.10467486773017762,0.17568685643537682,57716.85340864144,1
103,Jim Wells,-0.0115369922575082,0.059847010880503614,0.020536570095675725,0.04733272654270848,0.048255750199979484,-0.011978954960720664,0.21690946117051094,151250.7363762017,1
104,Johnson,0.061297101238268085,0.08021083928716967,0.07200843609830351,0.11679749986433041,0.19295759481621488,0.1242846494009506,0.8420523437378071,306422.4151609319,5
105,Jones,0.008620620790209753,0.135990943570147,-0.005175755627324382,0.10292985068446113,0.07942222473725769,0.03990954465735518,0.48968047345663746,104516.7742352655,2
106,Karnes,0.010404528403513854,0.07252062328288124,0.12447410860453387,0.03709930199400079,0.16434020047068165,-0.1709863894793556,0.3439882043356055,99790.77239482226,1
107,Kaufman,0.061732290347654484,0.06422633324887439,0.060716797350557385,0.0893652028822936,0.2600027118029852,0.09084768831996873,0.7872770064249847,299481.037926047,4
108,Kendall,0.040902472709389466,0.0321497086079096,0.03850292763818022,0.12962520887659224,0.13602095349558013,0.1070587867482321,0.5908909405636515,595348.5355844505,3
109,Kerr,0.04687109361905619,0.08069222555519058,0.08206826786700509,0.12966704655015213,0.23652341590834505,0.0640515388542122,0.8339403101586899,430875.7730950176,5
110,Kimble,-0.01135524569502636,0.0403748665883939,0.10551390873446097,0.14869152092115948,0.3021807891437277,-0.040820607278313534,0.766391514849628,162583.99781581925,4
111,Kinney,-0.025462526279917484,0.09772220588103708,-0.0019885377201513364,0.09483643485803235,0.1382732844481815,-0.013394364682845217,0.3632788404102117,79105.35407077552,1
112,Kleberg,0.0232483377308753,0.016255914565172693,0.11401513852250451,0.006691108193055291,0.0777855568702579,0.00015448531313342028,0.26519944663070916,119277.68564445572,1
113,Lamar,0.027699551367194625,0.0503523165079369,-0.017138284598181442,0.10508724784745342,0.27060099004015775,0.05295799595589635,0.6137370092505616,198137.31337136962,3
114,Lamb,0.04668253178350233,0.08373355330903726,0.08060886645957199,0.16566917207897908,0.14781619224775486,0.018549601892168685,0.7940626244768186,67706.01070698934,4
115,Lampasas,0.05909404431443849,0.13513779344100782,0.06250811407877126,0.09206311508178797,0.24967559218316665,0.1485551297616584,1.013303614119207,298583.6447123882,5
116,Lavaca,0.03313338975530089,0.06702476452740024,0.08484731668435842,0.057463374127763804,0.21372304760327654,0.036515002420439265,0.6339688787542652,264538.8787904528,3
117,Lee,0.0693225150631434,0.07304375704372776,0.06783087189161788,0.10588886318630461,0.2253185951063178,0.05070467743668661,0.8124665366344643,307665.57928812434,4
118,Leon,-0.0026472564059598666,0.057813012120033355,0.11271555177738579,0.09770323955495226,0.26347913995003336,-0.008562444837746052,0.7115406710000827,197137.79602447792,4
119,Liberty,0.07247915633170687,0.027194661064458708,0.08466765247780601,0.07703513562874202,0.13965044695348863,0.05506921524638833,0.5898036163463413,222541.30450326766,3
120,Limestone,0.026211144773104916,0.062089292333294153,0.037577732686009724,0.09238015412569807,0.259508479476179,0.07755801607980194,0.7458742825069394,187040.17380908583,4
121,Live Oak,-0.0166071285518834,-0.02360756292387093,0.06750136164869529,0.06164886970526831,0.13426457730530597,-0.07603499390987374,0.20714611243937614,140802.01727507473,1
122,Llano,0.061868604251670574,0.1062674417962149,0.054227475525256266,0.12596865615057912,0.33219694746209705,0.1397667661075731,1.1371744605907965,418864.5766966229,5
123,Lubbock,0.08081659988318894,0.051904243230386005,-0.014755408555107423,0.10690822773861837,0.10023285218523442,0.13473569287254056,0.5630291346067962,193460.02014558043,3
124,Lynn,-0.0077422001702578645,0.05751146343874642,0.017468865493191384,0.14097380957829622,0.10614070714922184,-0.06453389568348136,0.3590213737988385,102977.67950473056,1
125,Madison,0.023937426241444473,0.048323994831279214,0.06429464702838195,0.10997321757134354,0.255225750937506,0.08256672907717587,0.756187613460883,263784.38412391813,4
126,Marion,-0.03036034189268874,0.09129907108567115,-0.025772623791220486,0.07606508106186233,0.15652132740477448,0.03767479429671956,0.3535874190502665,135780.87164512047,1
127,Martin,0.04153164409279545,0.1482498496497896,0.1960591130135389,0.029547102686157744,0.05450726973160153,-0.06437287903308052,0.5583638303570712,185612.29677070424,3
128,Mason,0.0654614708129503,0.0660756707585099,0.07124902151451235,0.12288185607942406,0.29434710236241146,0.018357045743574926,0.9444885201832403,255154.68858015665,5
129,Matagorda,0.027253108293682892,0.06853351627294489,-0.022684273519264716,0.05912277822182576,0.10942057163538736,0.02502909843301511,0.3128018985278674,182900.42397870225,1
130,Maverick,0.00876834829620901,-0.024909866235087362,-0.004312628350799336,0.07943294958864011,0.1166523682936872,0.032822535425893445,0.243590376820003,157944.24438317431,1
131,McCulloch,0.01783774248967944,0.10081707517789927,-0.01829773566468126,0.04772993513668218,0.14092245143306972,0.11967476308011628,0.5164354297860387,100721.2762988842,2
132,McLennan,0.07622335496658666,0.0725925250007379,0.062219143791236414,0.13399266427712456,0.19593834647668798,0.1281947575555079,0.8876324592561007,263960.488696615,5
133,Medina,0.04230846929616926,0.0791925271698171,0.07857200904031514,0.09039056602234243,0.2080426302462944,0.030968550980425225,0.6689017751149899,323346.49382509623,4
134,Midland,0.04560376777168642,0.12746284981969258,0.11346518201400661,0.001588086084351527,-0.006197653779774534,0.01726140969567439,0.32724796185222693,276226.71125033393,1
135,Milam,0.03386206719665236,0.1391821880862617,0.08688465999242913,0.06067448362395053,0.22625085411461499,0.07236037737982955,0.8199788701494773,234084.99316968335,5
136,Mills,-0.000889099302099844,0.030708472498968686,0.0679326534419959,0.12580043550767675,0.3993992748174608,-0.22838987315840403,0.6719612455931447,143589.05235803817,4
137,Mitchell,-0.038597129268802974,0.01958215036531023,0.05915608680065337,0.07243558479314662,0.1088732563202816,-0.025410963663117972,0.23130166211239928,74754.74101407606,1
138,Montague,0.042387171904392965,0.06228281072894354,0.11117864697707584,0.13275055450106926,0.2520365915958215,0.08130081639317634,0.9795374430492186,251796.35606501787,5
139,Montgomery,0.01516890051938514,0.03956912959645795,0.03947959476349898,0.07297987522804425,0.18127128715720786,0.09800175244930673,0.5359983700777405,342647.949168743,3
140,Moore,0.09394046328560882,0.08565154757406927,-0.034199977935533865,0.05636079820903407,0.05550267386906731,0.033088314104904204,0.38580035358531195,134456.70314813324,1
141,Morris,0.04384353918949714,0.0413587148380089,0.07253459878423346,0.13990209862736563,0.2913830104813343,-0.03192187613426813,0.7908891118036996,127523.01444805524,4
142,Nacogdoches,0.005001914471692439,0.020825789996525824,0.09635723465584266,0.05988715985197864,0.15991990406431442,0.0461164091544775,0.512332392264909,179185.79179476068,2
143,Navarro,0.06977169388457477,0.10139576257521829,0.10954504143034696,0.09631743685673341,0.22385290272321456,0.083389492080984,0.9658436495356665,165816.15463022026,5
144,Newton,0.04184427929100456,0.04336936642901814,0.1654571098022433,-0.10298098797980443,0.1459881797127061,0.05528632780214632,0.40665010470720686,150864.9350639948,2
145,Nolan,-0.009284809794798,0.06490978377870874,0.058421732602762955,0.07537290162676644,0.09025691432771091,0.007916799620124076,0.3913713004712088,93569.2354168311,1
146,Nueces,0.0060042369263711625,0.01158525372616227,0.07815177687962983,0.08803038672827587,0.09038105308463246,0.027821402273320292,0.3632120520093476,183460.5633181417,1
147,Ochiltree,0.028804437197714926,0.018574183276640455,0.01834075912541213,0.03218174185328971,0.06745577268230996,-0.06920482748455943,0.11280918542311232,103973.25791757216,1
148,Orange,0.049526107149172605,0.06255274283428779,0.09943928912942954,0.05588685363477949,0.055384152784629825,-0.014564219483662672,0.39192422433573626,165095.4140500821,1
149,Palo Pinto,-0.005546574114113,0.09992256267839235,0.05371327227581283,0.10992210690048689,0.27092478577166773,0.09261329574894711,0.8290156128996231,312861.9657548768,5
150,Panola,-0.008751349720619231,0.07026499610240175,0.05190674764550781,0.06376106956314606,0.10436211692407728,0.03789091884946187,0.3878328807110808,166730.0704747144,1
151,Parker,0.0687382508508677,0.0518959135275804,0.0712447932789875,0.06773123544539149,0.2199394049468754,0.07926361378968895,0.730270045396318,402226.1926010332,4
152,Parmer,0.010504552591818378,0.0029028203884899086,0.08726167693026629,0.06775589356777209,0.19690622129072932,-0.02077655501062872,0.35725084199465373,131429.58312321635,1
153,Pecos,0.022023650728210803,0.08907811297674209,0.18030114894301205,0.20202684679472163,0.06701864069520973,-0.10929792081224585,0.5529644782358085,131936.4839953032,3
154,Polk,0.04231997795498064,0.027889361214200048,0.04536170254734073,0.06950382874677272,0.13623913560265274,0.09224129019184261,0.4195921485118745,152448.80770085778,2
155,Potter,0.03746250801109547,0.0279654609674845,0.05969627492537115,0.09319942681252197,0.12009330482987723,0.13515756077662266,0.5821450547421423,162540.5901126986,3
156,Presidio,0.0926441336516144,0.02649912618243132,0.06717873635573472,0.09949687790089672,0.4727766026342466,0.03128959372391878,1.0169428305295412,258674.2947971913,5
157,Rains,0.039704406472395384,0.046652136397685,0.09045114445266152,0.07735418939773878,0.21057968209619837,0.05396095763751093,0.6331141328634295,282144.2208959071,3
158,Randall,0.015515899278801044,0.018715944868228224,0.02980886004652623,0.06483014676977916,0.12863731925016753,0.08785180817258044,0.4001651418651651,257980.06350350755,2
159,Real,-0.03425906101818768,0.12105766804972078,0.04489767017336742,0.10641080495651417,0.346786136293733,0.06538261206092363,0.887684944354228,295391.6087419284,5
160,Red River,0.07557148839223245,0.020057637882903285,0.06351090225925349,0.10299226018641815,0.21934929048390148,0.03836356521698438,0.6988828521053057,119906.64823369341,4
161,Reeves,0.04026381779675922,0.17942830117710948,0.09530658455191715,0.1543657411879464,0.12139617202877204,-0.24834143252318375,0.4293955440014524,107841.28642394966,2
162,Refugio,0.022106617261046922,0.05726411926762949,0.16759798972727993,0.09787601068233276,0.05745266835291375,-0.0447726766370666,0.510728962128532,104483.75046129824,2
163,Robertson,0.06550642713162455,0.06762773709472844,0.021436016393518675,0.030627138800957212,0.28560865054162377,-0.06818394390812989,0.5423933938214143,193288.59948360454,3
164,Rockwall,0.04109341053342011,0.035846264200902485,0.025416734056164608,0.06702476329124128,0.21644732021481736,0.12182604425802018,0.5858803422130267,434658.4734051272,3
165,Runnels,0.03378696894497192,0.06866337890255236,0.1017813305851258,0.09297244809279125,0.16638354276821418,-0.06881934444677262,0.47373146723469356,108393.95611956582,2
166,Rusk,0.014107576391399103,0.04346478618479142,0.09961075242881247,0.04840758856281816,0.12011925560546,0.07511921620614778,0.5291462762988708,163836.0701810223,3
167,Sabine,-0.018319297424856055,0.10417419775061397,0.05736355199718305,0.11488782672987922,0.25226637578838995,0.00632789773970494,0.6095471001247359,172148.08533891375,3
168,San Augustine,0.04412858232611429,0.17107166756667985,0.07223131967516849,0.05347648514908632,0.1867057747210804,-0.0664378103052637,0.8159902258614705,112260.76596300164,4
169,San Jacinto,0.013100468554210265,0.06732856034336737,0.07525070307143744,0.08847952818617236,0.24340807071397325,-0.003234493624262943,0.5519692182643074,191595.2414400576,3
170,San Patricio,0.0012736602530702724,0.02626581931514909,0.0906379022390049,0.036724298957655506,0.0758974219660734,0.010697668824574343,0.29632433569421,166426.17878416044,1
171,Scurry,0.00020683559192902472,-0.0010910729052188862,0.07083107932191002,0.042143819254609846,0.13463825126433748,-0.09039036451725921,0.2003757545697087,110307.2839528326,1
172,Shackelford,0.0108344863073729,-0.0007991363869597874,0.0634869784237449,0.09841064509235911,0.23881037078856993,-0.03488392264853268,0.5289233230438682,114106.46879722648,2
173,Shelby,-0.007738244341240185,-0.0037170966596883188,0.10778760563673648,0.1106507537709908,0.16772409592478077,-0.07052393733727924,0.3556849822878725,148524.60309133367,1
174,Smith,0.03955214693345435,0.03317914300384133,0.04122694221692273,0.09329453040824755,0.15488347419313672,0.09274499124468628,0.6206264093921795,237136.73131890548,3
175,Somervell,0.06385446643971046,0.05087357822300864,0.05143086514802559,0.10199519568604856,0.2098173040992462,0.14129914993158557,0.8225481922957187,415234.2284998229,5
176,Starr,0.04954118659828277,-0.014817948390804789,0.05402619054471597,0.21849777620115732,0.062447357705325925,-0.06773218526132103,0.4676915050840379,74626.07163798362,2
177,Stephens,0.01275516739584849,0.07962530045801561,0.05496553976001435,0.11716671227590049,0.1765825802212376,0.14029752930339046,0.8391599210314955,118951.40209356313,5
178,Sutton,0.02547845891999899,0.017767238290931135,0.04100957904245062,0.040591412452930416,0.15320779830550244,-0.06485157403968356,0.2970934385035426,112881.8367442508,1
179,Swisher,0.07847153139509228,0.05634836295403287,0.1584853389957329,-0.020568209409385526,0.1697959237798838,0.0532251455569596,0.5761244867998702,75067.30846167283,3
180,Tarrant,0.06249752658321569,0.07532883651416056,0.058866318548429476,0.08680030347009679,0.1196888599167622,0.12814883535834257,0.6489209165213656,345473.0856210443,4
181,Taylor,0.0272105074225592,0.06409709233824203,-0.005154520595596015,0.11321519780323966,0.14655023297751335,0.07220934771027271,0.49788450631960046,193444.3543410996,2
182,Terry,-0.12404355165748066,0.09411152560254729,0.08222468224912428,0.09957268776170951,-0.015012833950204436,-0.08009649164361733,0.1030702840957989,79942.14170227051,1
183,Titus,0.0627706191781744,0.039512475727394906,0.0740201146855431,0.09550809236332264,0.20967475631009402,0.053419998652978966,0.7480650040727138,203334.8781283146,4
184,Tom Green,0.026099506035755997,0.055674998034162454,0.17214762188140706,0.07264656115376258,0.18221873814061657,0.021374576931181423,0.7087508373298621,246342.39866764168,4
185,Travis,0.021638442601027347,0.046903568899645746,0.04547831455197562,0.12667952926016826,0.23559259041311753,0.07176495573332924,0.6252170089684123,655275.1990602972,3
186,Trinity,0.009168598428165507,0.10426580868801624,0.05202068036606218,0.07934035719495268,0.2366871721530832,0.004442258526725036,0.6579874736000977,156235.38641826418,4
187,Tyler,-0.018618615260876895,0.037037646219064864,0.12674478382480855,0.0828668642618829,0.20259624109876437,-0.0097089723391425,0.5640819023161239,137374.57923625165,3
188,Upshur,0.014747707820923694,0.053335902192431506,0.04082123438238413,0.10140550909007978,0.1698747812495996,0.07595916592253626,0.5853560388410382,165936.75202164432,3
189,Uvalde,0.010990740675790419,-0.014613216109667506,0.07194720883502055,0.08473515629427247,0.12879441584765014,0.015511179949615391,0.41898255521690503,155166.77734529623,2
190,Val Verde,0.014185106743478108,0.03611640681011726,0.12867933941165818,0.025674591811212486,0.14672888360445113,0.05172412555495549,0.5496310452447194,172168.223761649,3
191,Van Zandt,0.06371672361229229,0.05659463671478314,0.10412785353263417,0.11200035737868698,0.2725741760289787,0.02726451782112993,0.8828935674033308,241691.40158819294,5
192,Victoria,-0.010474150068667273,0.04579155748251536,0.08148325390642286,0.08068257689959306,0.10773693271022673,0.08188342190214365,0.46184872514535674,214020.72137450922,2
193,Walker,0.027675770144451765,0.03955919104065339,0.0811816867089353,0.10476661998603053,0.22702091144743647,0.07937370212404857,0.7146104844485172,283506.9906071485,4
194,Waller,0.04088756375154374,0.03276327137752837,0.02019938808205092,0.04952088295019194,0.18001651740899274,0.10304798207324094,0.5075331817894974,359773.0622122898,2
195,Ward,0.13737020266162955,0.1397963895650859,0.10313031553011144,0.07421664968091377,0.12259573794550266,-0.14075953078135828,0.5042287664141345,133971.61500131278,2
196,Washington,0.0662963077376432,0.04616098475142595,0.06880776671519173,0.11901144278830289,0.24460350243663131,0.15194644401416152,0.9426628198368903,442190.97523425723,5
197,Webb,0.014702879833578453,0.053124827657404824,0.06643503930061158,0.06739921891028647,0.09331402981784229,0.004796733396328598,0.4093116351631137,180972.16545395803,2
198,Wharton,0.014450290974357738,0.018551948194252908,0.09461187848254352,0.07367674223889338,0.08917556359226368,0.05624320398227416,0.4162373893076414,219063.54322936994,2
199,Wichita,0.029279873053507467,0.07283368717710667,0.04650205659534967,0.1383401275903351,0.1616238591959438,0.10636719785460748,0.7188216217401244,142655.07471551516,4
200,Wilbarger,0.03680660992943349,0.03806579836018581,0.09322857604231635,0.1123475898633667,0.021309309717680115,0.09672945123032986,0.580760919750009,73936.70567921853,3
201,Willacy,0.0167544274975465,0.09380618488977958,0.15963252171138168,0.1186841327792464,0.1805404626257271,-0.18625068399024144,0.7032652120546452,57877.82644012152,4
202,Williamson,0.02305449790446709,0.03619521773141284,0.02701058032689301,0.1086247500338929,0.25878625249282,0.05862860148376454,0.579586778293543,435002.47530142235,3
203,Wilson,0.026333682542956365,0.010605630895997139,0.05420867580438199,0.10698892914636608,0.18405789169970468,0.06951301285150213,0.5671859939302527,340414.01407571865,3
204,Winkler,0.06545853887889601,0.12684151511971128,0.30284897282482354,0.19634697992518796,0.08993965991472251,-0.08434595968281143,0.8709340106560974,90232.66001959828,5
205,Wise,0.09305131485877798,0.056352270188368275,0.09940718886604473,0.09160422872812694,0.2319425469769065,0.061657413220338374,0.8282133787491684,350968.21613942104,5
206,Wood,0.03466839018868129,0.0813183871436745,0.08794205591363738,0.14073322550782666,0.26747492430861464,0.0414238645992587,0.8546251371304526,253383.02502472978,5
207,Yoakum,0.02811520661837009,0.043432238935981714,0.11692205470401135,0.16314951481786225,0.09853571523834494,-0.047164293647870115,0.5178865496439723,150118.51617372633,2
208,Young,-0.005519464089253225,0.04501474404472165,0.06906418179559146,0.12212803831980193,0.19225700307621751,0.13542798411998713,0.6405314389107883,137071.65334935545,3
209,Zapata,0.03235316940590154,-0.03504611353115513,0.06891393672571824,0.06510569911263082,0.03847154533184488,-0.044934669990531466,0.21646817881064537,96680.30190532032,1
210,Zavala,0.004446571538611878,0.016731394540682388,0.06723221761894849,0.04108455497181733,0.19948981578871783,0.1038272127891586,0.5447211548015283,77698.83820943345,3
